id,latitude,longitude,rating,num_reviews,photo_count,price_level_num,ranking_relation,amenities_count,brand_binary,region_Catalonia,region_Emirate of Dubai,region_Red Sea and Sinai,region_South Aegean,region_Turkish Aegean Coast,region_Turkish Mediterranean Coast
1006161,36.399494,28.23275,1,3441,6478,3,0.11,93,0,0,0,0,1,0,0
10061941,41.394424,2.156406,1,850,584,4,0.02,106,1,1,0,0,0,0,0
10062222,41.386124,2.174538,1,1396,756,3,0.01,60,1,1,0,0,0,0,0
1008503,25.09361,55.14817,1,6459,4853,4,0.04,103,1,0,1,0,0,0,0
10127321,41.38905,2.156294,1,1764,1372,2,0.05,61,0,1,0,0,0,0,0
10129251,25.09633,55.174057,0,405,296,2,0.43,36,0,0,1,0,0,0,0
10129269,38.42149,27.14355,0,12,23,1,0.3,28,0,0,0,0,0,1,0
10129273,38.38269,26.93802,0,17,5,1,0.24,29,0,0,0,0,0,1,0
10138454,38.42391,27.148588,0,7,7,1,0.09,27,0,0,0,0,0,1,0
10139366,38.42612,27.14925,1,14,11,1,0.06,41,0,0,0,0,0,1,0
1015046,25.139769,55.131283,1,13293,11563,4,0.08,176,1,0,1,0,0,0,0
10152051,25.13197,55.184113,1,3243,1857,4,0.24,84,1,0,1,0,0,0,0
1016545,25.250477,55.29657,0,536,279,2,0.37,30,0,0,1,0,0,0,0
1016546,25.25468,55.327778,1,2203,821,2,0.23,67,0,0,1,0,0,0,0
1017752,36.101707,28.072063,1,2006,1906,4,0.03,120,0,0,0,0,1,0,0
1020535,25.27066,55.32256,1,1218,438,2,0.05,41,0,0,1,0,0,0,0
1022759,25.130457,55.11715,1,6551,7988,4,0.13,210,0,0,1,0,0,0,0
10238204,38.33207,27.135231,1,65,197,2,0.17,50,0,0,0,0,0,1,0
1025733,25.214006,55.276245,1,3466,2359,3,0.21,79,1,0,1,0,0,0,0
10259104,25.252914,55.302773,1,2003,684,2,0.08,91,0,0,1,0,0,0,0
10263885,25.104334,55.14876,1,11943,8895,4,0.36,91,0,0,1,0,0,0,0
10263893,25.099,55.17289,1,1511,935,2,0.03,93,1,0,1,0,0,0,0
10310908,38.419697,27.135462,0,121,168,2,0.06,23,0,0,0,0,0,1,0
10343479,37.030052,27.412163,1,90,215,1,0.15,72,0,0,0,0,0,1,0
10451046,25.200277,55.276024,1,3890,2030,4,0.03,87,1,0,1,0,0,0,0
1049226,27.163647,33.822968,1,8718,9983,2,0.21,88,1,0,0,1,0,0,0
10498637,36.45408,28.221525,1,162,176,1,0.2,33,0,0,0,0,1,0,0
1053361,25.008245,55.15672,1,2411,399,2,0.21,70,1,0,1,0,0,0,0
10544475,25.282642,55.316715,0,206,88,1,0.52,45,0,0,1,0,0,0,0
1054840,38.42291,27.140303,0,14,16,1,0.51,45,0,0,0,0,0,1,0
1056883,41.401787,2.197844,0,1951,449,2,0.58,35,1,1,0,0,0,0,0
1057300,25.280657,55.351063,0,385,158,1,0.41,47,0,0,1,0,0,0,0
1058671,36.0637,27.9877,0,2236,2182,2,0.62,109,1,0,0,0,1,0,0
1061046,38.422977,27.14139,1,791,322,1,0.06,65,0,0,0,0,0,1,0
10621939,25.0494,55.1313,0,46,46,4,0.29,52,0,0,1,0,0,0,0
10637680,38.30797,27.15853,1,465,338,2,0.07,57,1,0,0,0,0,1,0
10638267,41.40765,2.15953,1,59,107,2,0.12,28,1,1,0,0,0,0,0
1065229,27.307837,33.72043,1,3568,4030,2,0.84,71,1,0,0,1,0,0,0
10670124,41.39485,2.19344,1,1077,567,2,0.23,34,1,1,0,0,0,0,0
10683772,41.39626,2.162194,1,887,878,4,0.06,69,1,1,0,0,0,0,0
1069959,28.01833,34.439217,1,5310,6669,2,0.41,84,0,0,0,1,0,0,0
1075104,36.44263,28.222816,1,751,447,2,0.06,27,0,0,0,0,1,0,0
1079054,25.2247,55.283333,1,667,372,3,0.1,56,1,0,1,0,0,0,0
10803505,25.111212,55.195976,1,1172,817,2,0.14,78,0,0,1,0,0,0,0
1082272,38.420235,27.13945,0,76,48,1,0.65,31,0,0,0,0,0,1,0
1083206,41.37902,2.169597,1,5287,2502,2,0.25,51,1,1,0,0,0,0,0
10842111,24.91648,55.00578,1,2657,2987,3,0.21,81,1,0,1,0,0,0,0
10842929,38.37983,26.6274,1,1,0,1,0.21,25,0,0,0,0,0,1,0
10902390,41.39339,2.146173,1,369,233,2,0.22,49,1,1,0,0,0,0,0
1093097,25.188824,55.255222,0,1133,506,2,0.22,39,1,0,1,0,0,0,0
1100467,27.964338,34.404217,0,3146,3739,1,0.52,55,1,0,0,1,0,0,0
1108366,25.0956,55.1538,1,1408,762,2,0.33,109,1,0,1,0,0,0,0
1109585,28.05512,34.43805,1,3411,4798,2,0.37,102,0,0,0,1,0,0,0
1109941,25.18436,55.225567,1,1340,585,3,0.25,89,1,0,1,0,0,0,0
1114593,41.378773,2.178722,1,882,215,2,0.09,51,1,1,0,0,0,0,0
1118023,27.852394,34.308662,1,3995,6333,2,0.05,90,0,0,0,1,0,0,0
1122886,38.418472,27.130007,0,55,21,1,0.38,30,0,0,0,0,0,1,0
1128826,27.87199,34.318657,0,5853,6171,2,0.49,50,0,0,0,1,0,0,0
1136585,36.056072,27.973764,0,3795,4427,3,0.56,105,0,0,0,0,1,0,0
1139697,25.116335,55.193726,1,1775,1335,2,0.32,71,1,0,1,0,0,0,0
1141245,28.019712,34.436817,1,4182,5573,1,0.63,110,0,0,0,1,0,0,0
1141266,25.099552,55.179478,0,4253,966,2,0.38,64,1,0,1,0,0,0,0
11444513,25.13315,55.21272,1,1759,969,2,0.17,62,1,0,1,0,0,0,0
1145484,25.253828,55.332806,1,2801,745,2,0.2,107,1,0,1,0,0,0,0
1149156,25.101562,55.17735,1,1975,862,3,0.16,155,1,0,1,0,0,0,0
1150809,41.40691,2.186596,0,1439,209,1,0.11,13,0,1,0,0,0,0,0
1151331,25.22475,55.28424,0,295,242,2,0.46,110,0,0,1,0,0,0,0
1157711,38.41717,27.13402,0,48,2,1,0.15,13,0,0,0,0,0,1,0
11667487,25.2557,55.332855,1,2599,1175,2,0.11,74,1,0,1,0,0,0,0
1167209,25.253332,55.327953,1,2008,519,3,0.2,71,0,0,1,0,0,0,0
11678219,25.046375,55.118805,1,3578,827,2,0.31,66,1,0,1,0,0,0,0
1169262,28.065828,34.435886,1,3019,5525,1,0.29,84,1,0,0,1,0,0,0
1173922,25.2535,55.3325,0,2597,718,2,0.32,75,1,0,1,0,0,0,0
1176106,25.194363,55.27908,1,4372,2581,4,0.05,132,1,0,1,0,0,0,0
11763281,41.40127,2.156465,1,153,72,2,0.06,40,1,1,0,0,0,0,0
11788235,38.42338,27.14437,0,11,0,1,0.49,25,0,0,0,0,0,1,0
11797106,25.005947,55.15503,0,65,94,2,0.51,106,0,0,1,0,0,0,0
1179952,38.42748,27.132854,0,197,183,2,0.14,37,0,0,0,0,0,1,0
11805389,38.427143,27.133148,1,562,346,2,0.06,44,1,0,0,0,0,1,0
11847896,41.396122,2.163074,1,718,760,4,0.02,117,1,1,0,0,0,0,0
11853828,25.23416,55.31384,1,2733,1346,2,0.06,49,1,0,1,0,0,0,0
1186196,25.24286,55.27143,0,1382,479,2,0.08,53,1,0,1,0,0,0,0
1192327,41.397743,2.188899,1,1394,552,2,0.27,84,1,1,0,0,0,0,0
1193232,38.387142,27.034794,0,216,237,1,0.29,50,0,0,0,0,0,1,0
11955409,25.267801,55.30471,0,842,596,2,0.29,58,1,0,1,0,0,0,0
11963212,38.45981,27.09119,0,15,50,1,0.07,1,0,0,0,0,0,1,0
1197340,27.849833,34.308,0,1979,3707,2,0.44,55,0,0,0,1,0,0,0
1198348,27.998981,34.427692,1,1682,1393,2,0.34,70,0,0,0,1,0,0,0
1200568,25.116526,55.19578,1,2554,574,2,0.22,71,1,0,1,0,0,0,0
1200707,25.109253,55.20304,0,782,452,2,0.2,52,0,0,1,0,0,0,0
12008928,25.08101,55.36754,1,604,546,3,0.28,108,0,0,1,0,0,0,0
1200893,25.08297,55.144466,0,696,403,3,0.04,83,1,0,1,0,0,0,0
1200931,25.1086,55.183365,0,2896,963,1,0.15,83,1,0,1,0,0,0,0
1201345,41.3821,2.1722,0,485,308,2,0.57,34,1,1,0,0,0,0,0
12035872,25.251314,55.329556,1,510,240,2,0.12,39,0,0,1,0,0,0,0
12131077,38.420193,27.138481,0,6,9,1,0.43,9,0,0,0,0,0,1,0
1214465,25.096403,55.17289,1,1001,461,2,0.15,59,0,0,1,0,0,0,0
1215152,27.9625,34.3942,1,3256,3010,2,0.0,144,0,0,0,1,0,0,0
12160041,38.42265,27.15079,0,48,15,1,0.07,28,0,0,0,0,0,1,0
1216886,38.422005,27.151072,1,169,131,1,0.08,37,0,0,0,0,0,1,0
1218766,27.92154,34.32227,0,1988,1308,4,0.39,37,0,0,0,1,0,0,0
1218860,41.39984,2.184093,0,1380,435,1,0.11,33,0,1,0,0,0,0,0
1220001,27.918201,34.356426,0,1752,2296,2,0.31,108,0,0,0,1,0,0,0
1221606,27.104523,33.82389,1,3801,4794,2,0.18,78,0,0,0,1,0,0,0
1221812,28.04432,34.432014,1,4984,6119,1,0.44,82,0,0,0,1,0,0,0
12229274,38.424866,27.137287,0,164,106,2,0.16,42,0,0,0,0,0,1,0
1222973,25.255686,55.298306,0,283,160,2,0.58,31,0,0,1,0,0,0,0
12232574,38.422977,27.141512,0,32,32,1,0.31,32,0,0,0,0,0,1,0
1223953,41.41177,2.219365,0,3096,1470,2,0.65,54,1,1,0,0,0,0,0
1226490,36.075874,28.050997,0,297,266,1,0.58,17,0,0,0,0,1,0,0
12269090,25.186802,55.28021,1,1932,1215,3,0.07,62,1,0,1,0,0,0,0
1227764,41.411068,2.218752,0,3705,2824,2,0.62,56,0,1,0,0,0,0,0
12301346,25.112568,55.13772,1,6419,5376,3,0.29,110,1,0,1,0,0,0,0
1231330,25.112719,55.19319,1,777,300,2,0.17,46,0,0,1,0,0,0,0
12349800,25.080084,55.135853,1,7203,5851,4,0.03,127,1,0,1,0,0,0,0
12370479,25.231817,55.28575,1,2297,1130,2,0.03,74,1,0,1,0,0,0,0
12385920,38.412785,27.124462,1,10,19,1,0.03,22,0,0,0,0,0,1,0
12439470,27.858685,34.312603,1,2163,3031,2,0.01,41,0,0,0,1,0,0,0
12440933,41.400105,2.191043,1,476,294,2,0.05,48,0,1,0,0,0,0,0
12453660,38.438763,27.144299,0,3,1,1,0.56,8,0,0,0,0,0,1,0
12497599,25.1011,55.1727,1,2240,874,2,0.01,108,1,0,1,0,0,0,0
12504502,41.386795,2.167455,0,107,145,2,0.3,16,1,1,0,0,0,0,0
12514004,41.40213,2.19097,0,658,655,2,0.66,91,1,1,0,0,0,0,0
12525526,25.097288,55.17468,1,7442,2880,2,0.12,92,1,0,1,0,0,0,0
12553755,25.185774,55.273575,1,1646,1833,4,0.13,105,1,0,1,0,0,0,0
12571073,25.243761,55.371414,0,208,72,1,0.06,5,0,0,1,0,0,0,0
12614733,38.28112,26.380583,1,15,58,1,0.1,26,0,0,0,0,0,1,0
12694365,41.38874,2.17599,1,913,636,3,0.01,65,0,1,0,0,0,0,0
12701699,41.39254,2.161598,0,246,196,2,0.48,21,1,1,0,0,0,0,0
12704671,25.123363,55.21879,1,379,304,2,0.32,47,0,0,1,0,0,0,0
12710671,38.423473,27.140284,1,292,182,1,0.04,54,0,0,0,0,0,1,0
12715685,41.387794,2.169403,1,609,612,3,0.09,46,1,1,0,0,0,0,0
12814676,38.424267,27.148172,0,41,50,1,0.13,35,0,0,0,0,0,1,0
12831800,25.186441,55.268047,1,1748,940,3,0.35,145,1,0,1,0,0,0,0
12853782,25.25927,55.31906,1,2978,1856,2,0.42,129,0,0,1,0,0,0,0
12859376,25.13921,55.142525,1,4503,3517,3,0.08,104,1,0,1,0,0,0,0
12868341,38.44798,27.178057,0,136,123,2,0.15,40,1,0,0,0,0,1,0
12918864,25.187971,55.27969,1,1163,311,3,0.28,58,0,0,1,0,0,0,0
12922153,38.423183,27.142092,0,9,10,1,0.63,46,0,0,0,0,0,1,0
12926402,25.222,55.357777,1,2530,1545,2,0.05,102,1,0,1,0,0,0,0
12934103,25.115952,55.194637,1,97,101,2,0.42,39,0,0,1,0,0,0,0
12951945,25.114182,55.190834,1,300,422,2,0.39,75,0,0,1,0,0,0,0
13141282,25.214384,55.23651,1,516,729,4,0.27,133,1,0,1,0,0,0,0
13145321,36.424965,28.197304,0,2059,3646,3,0.49,118,1,0,0,0,1,0,0
13199405,25.124556,55.153397,1,961,1433,3,0.32,72,1,0,1,0,0,0,0
13223478,41.386047,2.175439,1,1181,1111,3,0.03,61,1,1,0,0,0,0,0
13278183,41.390083,2.184483,1,504,636,2,0.2,31,1,1,0,0,0,0,0
13298623,37.137897,27.561136,1,2445,4790,4,0.15,159,0,0,0,0,0,1,0
13298652,38.368896,27.190012,1,16,63,2,0.12,20,0,0,0,0,0,1,0
13313633,41.39029,2.180148,1,1702,1210,2,0.05,62,0,1,0,0,0,0,0
13369583,38.458305,27.11554,1,10,19,1,0.06,12,0,0,0,0,0,1,0
13377229,38.326176,27.136265,0,65,49,2,0.17,31,0,0,0,0,0,1,0
13421914,25.258425,55.30074,1,232,124,2,0.3,48,0,0,1,0,0,0,0
13437023,25.08354,55.14213,1,617,246,3,0.36,70,1,0,1,0,0,0,0
13451703,25.114677,55.19723,1,1002,514,2,0.13,111,1,0,1,0,0,0,0
13455259,36.033302,27.937778,1,1947,3921,4,0.25,66,1,0,0,0,1,0,0
13513876,25.213238,55.277466,0,1558,2318,2,0.37,69,0,0,1,0,0,0,0
13549113,25.255707,55.311035,1,493,672,2,0.36,34,1,0,1,0,0,0,0
13554517,25.256021,55.31185,1,785,950,2,0.35,70,1,0,1,0,0,0,0
13562522,25.27009,55.331055,1,12,21,1,0.54,4,0,0,1,0,0,0,0
13565259,25.22308,55.334625,1,299,564,2,0.29,63,1,0,1,0,0,0,0
13778873,25.06943,55.128044,1,2963,1682,2,0.07,52,1,0,1,0,0,0,0
13792279,25.253801,55.331303,1,657,829,2,0.24,121,1,0,1,0,0,0,0
1380770,38.42525,27.150217,0,263,149,1,0.14,78,0,0,0,0,0,1,0
1386054,36.0732,28.0526,1,997,750,2,1.0,72,0,0,0,0,1,0,0
1390312,25.256464,55.334995,0,828,508,2,0.29,76,0,0,1,0,0,0,0
13954590,38.441425,27.144243,1,177,92,2,0.01,42,0,0,0,0,0,1,0
1395631,36.452446,28.221746,1,119,130,2,0.07,23,0,0,0,0,1,0,0
13962383,41.404175,2.16982,1,568,700,2,0.14,93,1,1,0,0,0,0,0
1397867,25.075527,55.132168,1,12437,7088,4,0.03,159,1,0,1,0,0,0,0
14001238,36.060844,27.987053,1,1123,2767,4,0.06,89,1,0,0,0,1,0,0
14053402,25.272455,55.38056,1,791,406,2,0.34,63,1,0,1,0,0,0,0
14070604,25.23671,55.309998,1,158,128,2,0.44,39,0,0,1,0,0,0,0
14076678,25.075369,55.139282,1,1287,1255,3,0.04,160,1,0,1,0,0,0,0
14077573,25.262125,55.280933,1,1653,2853,2,0.29,73,1,0,1,0,0,0,0
14089108,37.115513,27.31164,1,448,825,4,0.03,73,1,0,0,0,0,1,0
14113741,38.42278,27.135279,0,50,27,1,0.11,70,0,0,0,0,0,1,0
1412948,36.06221,27.988516,0,4463,5130,3,0.38,84,0,0,0,0,1,0,0
14141555,25.182638,55.274673,1,1294,780,2,0.1,140,0,0,1,0,0,0,0
14163790,25.252378,55.342976,1,800,425,2,0.25,54,0,0,1,0,0,0,0
14181824,38.42748,27.15167,1,1,0,1,0.15,1,0,0,0,0,0,1,0
14182829,38.42286,27.14797,0,7,10,1,0.39,13,0,0,0,0,0,1,0
1418538,35.94025,27.866837,1,3473,5194,3,1.0,97,1,0,0,0,1,0,0
14196392,25.125937,55.153053,1,2212,2087,3,0.37,49,1,0,1,0,0,0,0
14196454,25.180668,55.26638,1,2358,1818,3,0.34,88,0,0,1,0,0,0,0
14215081,38.3262,26.305317,1,28,17,1,0.04,3,0,0,0,0,0,1,0
1427240,25.116714,55.196075,1,3710,846,2,0.22,86,1,0,1,0,0,0,0
1434568,25.079777,55.13748,0,737,454,3,0.4,12,0,0,1,0,0,0,0
14396745,38.438217,27.146917,1,70,65,1,0.01,19,0,0,0,0,0,1,0
14476134,25.192575,55.286842,1,1488,1474,3,0.01,98,1,0,1,0,0,0,0
1449900,25.06741,55.141838,1,5596,2194,3,0.07,138,1,0,1,0,0,0,0
1451261,25.081738,55.14594,1,271,325,2,0.04,46,0,0,1,0,0,0,0
1456254,25.226084,55.28372,1,6949,4580,4,0.01,119,1,0,1,0,0,0,0
1461743,38.43943,27.142303,0,23,39,1,0.37,10,0,0,0,0,0,1,0
1462990,36.44316,28.223007,1,242,121,2,0.04,29,0,0,0,0,1,0,0
1463296,27.90944,34.31902,0,2438,1823,1,0.25,43,0,0,0,1,0,0,0
1465019,36.858093,30.63134,1,4516,2569,1,0.03,111,1,0,0,0,0,0,1
1465497,41.368374,2.190022,0,8194,7155,4,0.54,91,1,1,0,0,0,0,0
1469127,36.3444,28.2032,1,476,658,3,0.11,122,0,0,0,0,1,0,0
1478334,25.242907,55.275646,1,2316,880,2,0.13,82,1,0,1,0,0,0,0
1482943,41.389057,2.165915,1,2562,1072,2,0.2,25,0,1,0,0,0,0,0
1484772,38.45362,27.210936,0,131,99,1,0.54,36,0,0,0,0,0,1,0
1485476,41.38238,2.180725,0,1093,447,2,0.55,66,0,1,0,0,0,0,0
1490970,25.262642,55.32615,0,308,260,2,0.45,38,0,0,1,0,0,0,0
14920039,25.097612,55.16311,1,367,203,2,0.01,100,1,0,1,0,0,0,0
1498205,41.38473,2.174484,1,2099,751,2,0.04,67,1,1,0,0,0,0,0
14989724,25.26385,55.305202,1,723,1252,2,0.36,30,1,0,1,0,0,0,0
15016790,25.111986,55.109436,1,2602,3455,4,0.18,125,1,0,1,0,0,0,0
1501787,41.392868,2.164512,1,2685,1013,3,0.01,56,0,1,0,0,0,0,0
15018366,38.284218,26.367031,1,15,10,3,0.24,8,0,0,0,0,0,1,0
15023581,27.260126,33.815136,1,4250,8207,2,0.15,96,1,0,0,1,0,0,0
1503664,25.080301,55.136574,1,6734,3126,3,0.05,129,1,0,1,0,0,0,0
15049553,38.424583,27.145,0,65,37,1,0.04,13,0,0,0,0,0,1,0
15119156,25.222378,55.33173,1,859,634,2,0.17,88,1,0,1,0,0,0,0
15134820,27.162476,33.82486,1,2751,4679,3,0.01,69,1,0,0,1,0,0,0
15148919,25.182663,55.27415,1,1484,933,3,0.0,163,1,0,1,0,0,0,0
15192984,25.096743,55.169453,1,596,384,2,0.13,112,1,0,1,0,0,0,0
1520718,41.404743,2.172772,1,2170,1331,2,0.37,52,1,1,0,0,0,0,0
15213169,25.11067,55.109394,1,1974,2710,4,0.09,184,1,0,1,0,0,0,0
15221750,41.39101,2.196325,0,80,178,1,0.18,124,0,1,0,0,0,0,0
1522778,27.86888,34.32015,1,2050,2958,1,0.22,44,0,0,0,1,0,0,0
1522979,27.86172,34.316727,1,5043,7427,2,0.03,100,0,0,0,1,0,0,0
15244079,25.216616,55.25154,1,925,1499,4,0.18,77,1,0,1,0,0,0,0
15244262,27.95632,34.389763,1,2732,3856,1,0.18,109,0,0,0,1,0,0,0
15268740,36.8567,30.9192,1,3757,5920,4,0.73,160,1,0,0,0,0,0,1
15300873,38.43682,27.142107,1,54,54,1,0.01,26,0,0,0,0,0,1,0
1532202,41.403877,2.191189,0,4926,2028,2,0.48,70,1,1,0,0,0,0,0
15326643,25.068674,55.134113,1,1351,1337,3,0.26,119,1,0,1,0,0,0,0
1535318,27.0904,33.824394,1,5904,6765,2,0.24,74,0,0,0,1,0,0,0
1536366,41.39735,2.192487,0,997,407,2,0.58,50,0,1,0,0,0,0,0
1539162,25.257458,55.30443,0,1098,626,2,0.38,51,0,0,1,0,0,0,0
1540976,25.26706,55.32029,0,343,236,2,0.5,20,0,0,1,0,0,0,0
1541200,36.253292,28.166622,1,2080,3268,2,0.06,104,0,0,0,0,1,0,0
15415944,38.42264,27.13507,0,9,13,1,0.42,3,0,0,0,0,0,1,0
1544035,38.431137,27.211746,0,41,9,1,0.5,30,0,0,0,0,0,1,0
1546993,25.115665,55.203842,1,3381,1281,2,0.33,83,0,0,1,0,0,0,0
1546995,25.250952,55.291954,1,6279,1859,1,0.32,97,0,0,1,0,0,0,0
1547042,25.089794,55.15259,1,6616,2106,3,0.07,77,0,0,1,0,0,0,0
15518197,25.1982,55.265263,1,1556,929,2,0.02,153,0,0,1,0,0,0,0
1552134,28.029654,34.43586,1,8740,11407,4,0.05,158,1,0,0,1,0,0,0
15523740,25.098566,55.12362,1,26,72,4,0.47,15,0,0,1,0,0,0,0
1553772,37.035618,27.244152,1,1066,1107,3,0.15,71,0,0,0,0,0,1,0
1553922,25.07689,55.141136,1,7697,4395,4,0.13,103,1,0,1,0,0,0,0
15553726,25.225069,55.337852,1,1771,578,1,0.17,91,1,0,1,0,0,0,0
15559546,25.276497,55.349987,1,1706,579,2,0.02,99,1,0,1,0,0,0,0
1557730,27.089893,33.845345,1,14743,13798,2,0.18,112,1,0,0,1,0,0,0
15579505,38.41336,27.12547,0,5,0,1,0.13,3,0,0,0,0,0,1,0
15581528,41.39015,2.16788,1,298,214,2,0.08,47,0,1,0,0,0,0,0
15582080,25.179964,55.264065,1,779,414,3,0.18,94,1,0,1,0,0,0,0
15610059,38.42642,27.15085,0,18,40,1,0.15,23,0,0,0,0,0,1,0
1563900,36.876842,30.708273,1,3373,3303,2,0.06,102,1,0,0,0,0,0,1
15643509,38.446594,27.192427,0,68,66,1,0.03,61,0,0,0,0,0,1,0
15656132,38.451015,27.192184,0,64,64,2,0.33,21,1,0,0,0,0,1,0
15671976,27.921743,34.3416,1,568,974,1,0.32,33,0,0,0,1,0,0,0
15687917,25.252846,55.29662,1,170,172,2,0.04,31,0,0,1,0,0,0,0
1572481,25.252497,55.33565,0,717,358,1,0.45,75,0,0,1,0,0,0,0
15741916,25.097628,55.165672,1,1836,1264,3,0.04,155,1,0,1,0,0,0,0
15798363,36.44405,28.226812,1,130,231,2,0.03,90,0,0,0,0,1,0,0
15812053,41.385105,2.170062,1,241,243,2,0.02,36,0,1,0,0,0,0,0
15872094,25.211552,55.28198,1,982,1119,4,0.01,126,1,0,1,0,0,0,0
1591768,27.0499,33.8855,1,10467,12372,3,0.02,133,0,0,0,1,0,0,0
1591771,27.04861,33.892952,1,3823,5655,2,0.18,105,0,0,0,1,0,0,0
1597580,41.396038,2.20076,0,1589,616,2,0.49,37,1,1,0,0,0,0,0
1599623,25.19876,55.279606,1,8601,3182,4,0.02,102,1,0,1,0,0,0,0
1604580,27.95157,34.384174,1,181,287,1,0.04,71,0,0,0,1,0,0,0
1630522,25.12945,55.153133,1,11503,10050,4,0.16,152,1,0,1,0,0,0,0
1631237,25.24282,55.35875,1,7101,1227,2,0.23,88,1,0,1,0,0,0,0
1641168,41.392628,2.156409,1,1670,766,2,0.14,40,1,1,0,0,0,0,0
1642600,25.1928,55.273,1,8295,3878,3,0.01,134,1,0,1,0,0,0,0
1651555,25.108223,55.179405,1,1765,825,2,0.05,106,1,0,1,0,0,0,0
1654977,25.122828,55.374474,1,2595,372,1,0.24,55,1,0,1,0,0,0,0
1657537,25.211796,55.276466,1,7215,2732,2,0.32,91,1,0,1,0,0,0,0
1661298,25.067514,55.164562,1,888,400,4,0.26,58,1,0,1,0,0,0,0
16663741,25.069916,55.244064,0,115,142,2,0.48,45,0,0,1,0,0,0,0
16735452,25.194809,55.28223,1,1574,1231,4,0.06,84,1,0,1,0,0,0,0
16735551,25.078955,55.15747,1,926,409,3,0.08,56,1,0,1,0,0,0,0
16735572,25.206276,55.342342,1,1689,1031,2,0.12,116,1,0,1,0,0,0,0
16735585,24.911055,55.01374,1,1501,957,2,0.17,97,1,0,1,0,0,0,0
16735656,25.201605,55.27054,1,2501,2479,4,0.11,126,1,0,1,0,0,0,0
1675299,25.24253,55.3598,0,3078,1522,2,0.33,59,1,0,1,0,0,0,0
16805635,25.27046,55.315586,1,1445,881,2,0.27,110,1,0,1,0,0,0,0
16852817,38.499058,27.056154,0,3,1,1,0.75,7,0,0,0,0,0,1,0
16874490,38.42325,27.13862,0,26,36,1,0.28,4,0,0,0,0,0,1,0
1687451,25.11328,55.19498,1,2474,561,2,0.35,42,1,0,1,0,0,0,0
1718075,27.904852,34.329918,1,6681,8629,2,0.07,97,1,0,0,1,0,0,0
1718654,25.270235,55.30605,0,42,58,1,0.28,50,0,0,1,0,0,0,0
1724002,25.06876,55.130795,0,526,562,2,0.06,37,0,0,1,0,0,0,0
1728123,25.155731,55.300064,1,3314,2385,3,0.03,100,0,0,1,0,0,0,0
17323259,25.071074,55.136665,1,2280,1296,3,0.2,87,1,0,1,0,0,0,0
17343504,25.27409,55.322655,0,52,23,1,0.57,10,0,0,1,0,0,0,0
17369813,37.024635,27.416029,1,348,570,3,0.02,104,0,0,0,0,0,1,0
17373524,25.043936,55.250797,1,882,524,2,0.07,68,0,0,1,0,0,0,0
17379310,25.112793,55.200783,1,606,259,2,0.27,83,0,0,1,0,0,0,0
17380944,38.3254,27.13688,1,19,17,1,1.0,10,0,0,0,0,0,1,0
1741756,36.966953,27.283703,0,169,214,2,0.5,46,0,0,0,0,0,1,0
1742736,25.265177,55.321293,1,2778,795,2,0.09,75,1,0,1,0,0,0,0
17430681,25.220531,55.280704,1,413,154,3,0.29,68,1,0,1,0,0,0,0
17454716,38.42524,27.149,1,35,39,1,0.21,22,0,0,0,0,0,1,0
17508797,36.4495,28.2228,1,286,294,2,0.05,50,0,0,0,0,1,0,0
17535789,38.406258,27.107994,0,3,86,1,0.23,10,0,0,0,0,0,1,0
17567393,25.217894,55.323235,0,481,483,2,0.38,54,1,0,1,0,0,0,0
1758129,36.85514,30.863945,1,2978,4761,4,0.38,104,1,0,0,0,0,0,1
1758564,25.108622,55.203835,0,1616,577,2,0.4,79,1,0,1,0,0,0,0
17599263,27.905535,34.322895,1,1185,1527,1,0.16,83,0,0,0,1,0,0,0
1760699,25.119297,55.203148,1,3601,2236,4,0.1,88,1,0,1,0,0,0,0
17659979,24.987362,55.023106,1,1794,2396,4,0.19,152,1,0,1,0,0,0,0
17670670,25.233288,55.32107,1,937,370,2,0.13,137,1,0,1,0,0,0,0
17708493,38.389698,27.185429,0,2,62,1,0.52,46,0,0,0,0,0,1,0
17724456,25.1147,55.19607,1,1167,637,2,0.21,56,1,0,1,0,0,0,0
17764609,41.38458,2.172937,1,481,670,4,0.04,113,1,1,0,0,0,0,0
1777174,25.113024,55.11046,1,1542,1276,4,0.03,161,1,0,1,0,0,0,0
1777624,25.197222,55.27432,1,3616,3297,4,0.26,84,0,0,1,0,0,0,0
17802490,41.379715,2.142622,0,120,201,3,0.72,82,1,1,0,0,0,0,0
17839515,41.399006,2.200621,1,526,399,2,0.11,59,0,1,0,0,0,0,0
17839666,25.077852,55.135845,1,3684,2359,3,0.14,65,1,0,1,0,0,0,0
17840494,25.113756,55.193302,1,252,252,2,0.33,75,1,0,1,0,0,0,0
1790159,38.422947,27.14141,0,98,29,1,0.22,46,0,0,0,0,0,1,0
1791607,38.42231,27.13982,0,28,9,1,0.34,31,0,0,0,0,0,1,0
1791974,38.421528,27.141363,0,207,71,1,0.16,26,0,0,0,0,0,1,0
1795066,38.42966,27.13729,0,133,53,1,0.26,38,0,0,0,0,0,1,0
1796679,38.491135,27.065107,0,120,21,1,0.25,53,0,0,0,0,0,1,0
1804015,25.20946,55.27495,0,2059,700,3,0.37,62,0,0,1,0,0,0,0
1804593,28.028345,34.43464,0,598,639,1,0.83,105,0,0,0,1,0,0,0
1804746,36.859722,30.633812,1,1090,1002,2,0.01,100,0,0,0,0,0,0,1
1811884,25.11369,55.191376,0,868,695,2,0.45,54,0,0,1,0,0,0,0
1823675,25.041748,55.115215,1,10603,2723,2,0.15,164,1,0,1,0,0,0,0
1823683,25.270775,55.32958,1,3150,903,2,0.16,65,1,0,1,0,0,0,0
1833438,38.42408,27.144114,0,98,87,1,0.29,35,0,0,0,0,0,1,0
1841363,25.27591,55.315586,0,417,138,2,0.4,30,0,0,1,0,0,0,0
1858675,28.02187,34.43804,1,6020,7421,2,0.2,97,0,0,0,1,0,0,0
18717680,25.115244,55.14026,1,1494,1218,4,0.23,149,1,0,1,0,0,0,0
18717692,25.053967,55.20719,1,4227,3580,3,0.27,126,0,0,1,0,0,0,0
1879023,25.270718,55.380486,1,1392,484,2,0.25,60,0,0,1,0,0,0,0
1889882,25.117395,55.19533,0,251,103,2,0.04,29,0,0,1,0,0,0,0
1890590,27.966751,34.41656,1,1431,2960,2,0.1,119,0,0,0,1,0,0,0
18971042,25.246159,55.277485,1,1300,661,3,0.21,126,1,0,1,0,0,0,0
18973540,38.302776,26.28317,0,18,23,1,0.25,13,0,0,0,0,0,1,0
1900124,36.35479,28.20948,1,2640,2233,2,0.07,111,0,0,0,0,1,0,0
19003182,38.348953,26.305643,1,4,2,1,0.16,74,0,0,0,0,0,1,0
1905654,25.0995,55.13347,1,1809,2217,4,0.18,146,0,0,1,0,0,0,0
190615,41.394367,2.165189,1,2924,1118,3,0.21,76,1,1,0,0,0,0,0
190616,41.39352,2.164095,1,3880,1794,4,0.13,72,1,1,0,0,0,0,0
190617,41.3914,2.171451,1,2515,1869,4,0.03,72,1,1,0,0,0,0,0
190635,41.38675,2.196823,1,5847,3774,4,0.38,90,1,1,0,0,0,0,0
190823,41.385017,2.175842,1,2956,1554,3,0.22,65,0,1,0,0,0,0,0
19092478,41.39786,2.16161,1,942,1143,3,0.02,85,0,1,0,0,0,0,0
19101425,41.37547,2.147847,1,372,194,2,0.18,48,1,1,0,0,0,0,0
191046,41.384274,2.171104,0,2214,804,2,0.48,53,0,1,0,0,0,0,0
19113231,25.185343,55.261734,1,750,324,2,0.11,121,1,0,1,0,0,0,0
19175168,25.13921,55.141476,1,2226,1467,3,0.18,168,1,0,1,0,0,0,0
19201630,38.423042,27.14043,1,53,57,1,0.11,18,0,0,0,0,0,1,0
19206642,25.186457,55.291973,1,852,965,3,0.29,140,1,0,1,0,0,0,0
19236109,25.19111,55.290558,1,472,436,3,0.31,120,0,0,1,0,0,0,0
19253952,25.045734,55.118225,1,1035,660,2,0.28,107,1,0,1,0,0,0,0
19258258,25.092148,55.176323,1,2367,934,2,0.28,4,1,0,1,0,0,0,0
19306961,25.074787,55.242126,1,216,72,2,0.02,32,1,0,1,0,0,0,0
1930969,27.863503,34.30743,1,1718,3125,1,0.29,172,0,0,0,1,0,0,0
1931533,41.382896,2.171704,1,1206,574,3,0.12,48,1,1,0,0,0,0,0
1935307,25.098192,55.179577,0,623,206,2,0.39,104,0,0,1,0,0,0,0
1936989,25.249163,55.301388,1,2871,1442,2,0.37,95,1,0,1,0,0,0,0
1940950,41.387024,2.174289,1,2556,1611,4,0.02,111,1,1,0,0,0,0,0
1942264,38.38652,27.032108,1,1462,618,2,0.33,57,0,0,0,0,0,1,0
1943693,38.449284,27.183586,0,87,80,1,0.67,13,0,0,0,0,0,1,0
19455405,25.291956,55.365513,1,11,47,2,0.54,99,0,0,1,0,0,0,0
1945968,25.213243,55.27926,1,3478,1510,4,0.03,116,1,0,1,0,0,0,0
1948832,41.397175,2.159252,0,1924,1036,2,0.09,31,0,1,0,0,0,0,0
19493242,25.080585,55.15426,1,1601,1287,3,0.09,127,1,0,1,0,0,0,0
1949597,25.098427,55.12346,1,9451,9290,4,0.3,140,1,0,1,0,0,0,0
19516549,25.19001,55.274513,1,54,36,4,0.04,54,0,0,1,0,0,0,0
19545257,38.42464,27.137934,1,69,89,2,0.01,34,0,0,0,0,0,1,0
1961531,25.103117,55.172005,1,1505,924,2,0.32,73,0,0,1,0,0,0,0
19636607,25.079905,55.135616,1,353,336,4,0.02,60,1,0,1,0,0,0,0
19650536,25.174845,55.41682,1,681,166,1,0.22,100,1,0,1,0,0,0,0
1966408,38.425335,27.149492,0,114,67,1,0.05,43,0,0,0,0,0,1,0
19738088,25.133722,55.199432,1,365,298,2,0.17,51,1,0,1,0,0,0,0
19739438,25.118946,55.380024,1,1303,457,2,0.06,64,1,0,1,0,0,0,0
19770277,25.25035,55.344444,1,372,286,2,0.36,64,1,0,1,0,0,0,0
19779896,27.91464,34.3285,0,734,943,1,0.4,77,1,0,0,1,0,0,0
1989060,41.37287,2.171946,0,1451,515,2,0.37,48,0,1,0,0,0,0,0
19893051,25.018518,55.142223,1,341,232,2,0.3,39,0,0,1,0,0,0,0
1990762,25.224533,55.283134,1,5060,3781,3,0.32,136,1,0,1,0,0,0,0
19989371,25.087425,55.146473,1,9,46,3,0.1,80,0,0,1,0,0,0,0
20028939,24.867935,55.145676,1,652,215,2,0.18,128,1,0,1,0,0,0,0
20028959,24.868284,55.14594,1,506,188,2,0.1,111,1,0,1,0,0,0,0
20059330,25.189203,55.266724,1,611,684,4,0.1,82,1,0,1,0,0,0,0
20063385,38.427723,27.133644,1,18,34,2,0.19,13,0,0,0,0,0,1,0
20104760,25.17962,55.27737,1,733,212,2,0.25,106,0,0,1,0,0,0,0
20111742,41.38597,2.164731,1,224,146,2,0.02,47,1,1,0,0,0,0,0
2017781,36.42732,28.20112,1,5050,5091,3,0.01,91,1,0,0,0,1,0,0
2026811,25.260098,55.285393,0,662,301,1,0.4,38,1,0,1,0,0,0,0
20283099,38.37427,27.16527,0,8,0,2,0.39,1,0,0,0,0,0,1,0
20302817,38.38264,26.93207,1,3,0,1,0.67,1,0,0,0,0,0,1,0
20317535,25.301422,55.305458,1,1894,2529,4,0.27,78,1,0,1,0,0,0,0
20318849,25.262281,55.320232,0,48,96,2,0.48,48,0,0,1,0,0,0,0
20326652,25.300508,55.303596,1,3619,3800,3,0.24,162,1,0,1,0,0,0,0
20329156,38.63,26.91822,1,1,1,2,0.35,1,0,0,0,0,0,1,0
20355850,25.113358,55.192944,1,1069,1335,2,0.02,124,0,0,1,0,0,0,0
2038722,25.193995,55.289303,0,2182,849,2,0.37,58,1,0,1,0,0,0,0
20404820,38.424828,27.148758,1,1,1,1,0.46,1,0,0,0,0,0,1,0
20481554,25.117588,55.109463,1,1438,2312,4,0.07,71,0,0,1,0,0,0,0
206920,41.391624,2.177928,1,1379,645,2,0.19,66,1,1,0,0,0,0,0
206921,41.389397,2.166138,1,1513,936,3,0.27,58,1,1,0,0,0,0,0
206928,41.383854,2.171473,0,1397,660,2,0.36,43,1,1,0,0,0,0,0
206933,41.389847,2.14199,0,995,311,2,0.39,34,1,1,0,0,0,0,0
206936,41.389065,2.167363,0,3431,1047,2,0.15,70,0,1,0,0,0,0,0
2082869,25.263783,55.326782,0,320,187,1,0.52,35,0,0,1,0,0,0,0
208591,41.384747,2.170317,0,1450,687,2,0.52,26,0,1,0,0,0,0,0
208592,41.379936,2.172904,1,1940,1219,2,0.27,53,1,1,0,0,0,0,0
208593,41.380955,2.175319,0,803,288,2,0.53,45,0,1,0,0,0,0,0
208595,41.385494,2.17166,0,665,230,2,0.56,19,0,1,0,0,0,0,0
208596,41.389973,2.169574,1,2070,1046,2,0.09,38,0,1,0,0,0,0,0
20881153,41.37999,2.16899,0,41,46,2,0.71,16,0,1,0,0,0,0,0
2092499,25.0985,55.1792,0,266,375,2,0.4,77,1,0,1,0,0,0,0
2098794,38.423916,27.140697,1,224,118,1,0.07,40,0,0,0,0,0,1,0
21058991,25.257507,55.344166,1,66,32,1,0.01,3,0,0,1,0,0,0,0
21091568,25.258936,55.322205,1,281,184,2,0.21,84,0,0,1,0,0,0,0
21093463,25.114523,55.202564,1,41,115,2,0.47,51,0,0,1,0,0,0,0
21101510,25.161325,55.25004,1,356,220,2,0.13,57,0,0,1,0,0,0,0
21101938,25.250881,55.343708,1,387,476,2,0.38,78,1,0,1,0,0,0,0
21121518,24.918804,55.01003,1,504,662,3,0.31,52,0,0,1,0,0,0,0
21181631,25.070354,55.13464,0,2,13,1,0.25,1,0,0,1,0,0,0,0
21186198,25.17389,55.21862,1,39,68,3,0.46,86,0,0,1,0,0,0,0
21191933,25.087448,55.14658,1,108,180,4,0.41,116,1,0,1,0,0,0,0
21196861,38.19468,26.78696,0,2,0,1,0.42,1,0,0,0,0,0,1,0
21203432,25.250029,55.311886,1,18,36,2,0.5,70,0,0,1,0,0,0,0
21246143,25.18344,55.28356,1,123,68,2,0.01,32,0,0,1,0,0,0,0
21275006,25.220955,55.32929,1,734,402,3,0.09,122,1,0,1,0,0,0,0
21321279,25.231062,55.31865,1,2523,2304,4,0.03,154,1,0,1,0,0,0,0
21327450,38.30797,27.15708,1,3,1,1,0.33,10,0,0,0,0,0,1,0
21362659,25.273167,55.29854,1,328,156,2,0.16,41,0,0,1,0,0,0,0
21366805,25.220015,55.332417,1,505,491,2,0.0,91,1,0,1,0,0,0,0
2138047,25.27137,55.310425,0,17,6,2,0.66,35,0,0,1,0,0,0,0
21392300,25.277262,55.303352,1,624,298,2,0.1,100,1,0,1,0,0,0,0
21410295,25.072584,55.126568,1,2469,2767,4,0.09,159,1,0,1,0,0,0,0
21501240,25.250679,55.300755,1,1127,1008,2,0.14,145,1,0,1,0,0,0,0
21504483,41.357117,2.13752,0,57,95,2,0.67,16,1,1,0,0,0,0,0
21511241,25.098036,55.157055,1,1088,988,3,0.02,111,1,0,1,0,0,0,0
2160043,38.29614,27.144014,0,355,112,1,0.1,57,0,0,0,0,0,1,0
2222787,25.269749,55.325073,0,363,362,2,0.43,43,0,0,1,0,0,0,0
227369,36.450703,28.222511,0,1062,473,2,0.22,101,1,0,0,0,1,0,0
227464,41.38591,2.168043,1,100,329,2,0.54,63,0,1,0,0,0,0,0
227467,41.328564,2.112894,0,1499,414,2,0.34,52,1,1,0,0,0,0,0
2277324,41.394173,2.160921,1,344,204,3,0.01,46,0,1,0,0,0,0,0
2281355,25.070988,55.135117,0,1578,665,3,0.43,99,0,0,1,0,0,0,0
22834393,38.390636,27.185917,0,1,0,1,0.4,1,0,0,0,0,0,1,0
228464,41.434025,2.147445,0,1078,467,1,0.61,40,0,1,0,0,0,0,0
228465,41.395077,2.159359,1,2618,851,2,0.03,76,0,1,0,0,0,0,0
228466,41.372772,2.155079,1,1879,1236,3,0.16,103,1,1,0,0,0,0,0
228507,41.379135,2.139603,1,5487,1944,2,0.24,53,1,1,0,0,0,0,0
228527,41.385532,2.172984,1,1749,645,2,0.15,54,1,1,0,0,0,0,0
2285405,27.000454,33.9093,1,4821,8267,3,0.05,113,1,0,0,1,0,0,0
228544,41.40774,2.185135,0,1928,493,2,0.57,43,1,1,0,0,0,0,0
228553,41.398754,2.162368,0,833,285,2,0.31,43,1,1,0,0,0,0,0
228590,41.393997,2.153488,1,1820,490,2,0.18,57,1,1,0,0,0,0,0
228592,41.373234,2.070631,0,1037,348,1,0.54,47,1,1,0,0,0,0,0
228621,41.403824,2.213772,0,1272,619,2,0.64,46,1,1,0,0,0,0,0
228626,41.38251,2.140179,0,805,339,2,0.6,46,0,1,0,0,0,0,0
228634,41.384274,2.170475,0,2611,856,2,0.32,43,0,1,0,0,0,0,0
228642,41.38627,2.168141,0,1998,722,2,0.31,58,1,1,0,0,0,0,0
228648,41.39317,2.161429,1,3039,1024,3,0.1,84,1,1,0,0,0,0,0
22938796,25.27712,55.300922,1,989,571,2,0.26,118,1,0,1,0,0,0,0
229676,41.375496,2.148495,0,3819,2035,2,0.37,79,1,1,0,0,0,0,0
229677,41.39355,2.1627,0,1985,832,3,0.29,47,0,1,0,0,0,0,0
2297869,38.327164,27.135942,0,19,57,1,0.31,51,0,0,0,0,0,1,0
229999,41.38943,2.156508,1,1653,367,2,0.13,54,1,1,0,0,0,0,0
23009209,27.965862,34.403446,1,233,369,1,0.35,37,1,0,0,1,0,0,0
23025516,25.228554,55.25823,1,1263,1019,3,0.2,38,1,0,1,0,0,0,0
23025546,25.263662,55.39157,1,58,133,2,0.44,14,0,0,1,0,0,0,0
2303586,27.945848,34.383564,1,10878,11189,1,0.16,78,0,0,0,1,0,0,0
23039005,25.25116,55.35726,1,114,47,4,0.03,7,0,0,1,0,0,0,0
2304847,41.404522,2.172418,1,1055,348,3,0.01,83,0,1,0,0,0,0,0
2305094,25.111656,55.20318,0,835,577,2,0.43,39,1,0,1,0,0,0,0
2306200,38.423748,27.13129,1,529,358,2,0.02,43,0,0,0,0,0,1,0
23063829,38.28872,26.377834,1,1,0,1,0.48,14,0,0,0,0,0,1,0
230643,41.37516,2.168423,1,5688,2002,2,0.25,59,0,1,0,0,0,0,0
23140682,38.38056,26.910276,0,4,2,1,0.5,14,0,0,0,0,0,1,0
231502,41.374752,2.170721,1,83,113,2,0.26,71,1,1,0,0,0,0,0
231505,41.398193,2.149508,0,702,374,2,0.52,55,0,1,0,0,0,0,0
231518,41.435448,2.181663,0,1465,316,1,0.5,35,1,1,0,0,0,0,0
231520,41.381077,2.145506,0,1575,527,2,0.42,36,1,1,0,0,0,0,0
231524,41.37481,2.166196,0,1822,599,1,0.29,25,0,1,0,0,0,0,0
231526,41.38194,2.176489,0,105,84,2,0.56,37,0,1,0,0,0,0,0
23163507,28.024504,34.428448,1,548,816,1,0.61,66,0,0,0,1,0,0,0
23169343,25.184814,55.29216,1,1207,1126,4,0.24,123,0,0,1,0,0,0,0
23176887,25.108885,55.143093,1,535,571,3,0.47,124,1,0,1,0,0,0,0
23187796,27.143166,33.82744,1,1851,3325,4,0.03,148,1,0,0,1,0,0,0
23189335,25.186865,55.271637,1,4448,2318,3,0.14,54,1,0,1,0,0,0,0
23203258,25.018974,55.246216,1,589,269,2,0.19,135,1,0,1,0,0,0,0
23209473,25.179333,55.27143,1,230,301,2,0.31,67,1,0,1,0,0,0,0
2322457,25.242682,55.340824,1,3746,2483,3,0.3,119,1,0,1,0,0,0,0
23258571,36.97902,27.312086,1,95,238,2,0.14,133,1,0,0,0,0,1,0
23265217,25.209627,55.274998,1,303,202,3,0.3,36,1,0,1,0,0,0,0
23274894,25.11399,55.13996,1,498,609,4,0.2,118,1,0,1,0,0,0,0
232778,41.37673,2.176463,1,3651,803,2,0.26,47,0,1,0,0,0,0,0
232781,41.396236,2.170033,1,5597,1814,2,0.07,58,0,1,0,0,0,0,0
232786,41.383926,2.15162,0,885,263,1,0.67,43,0,1,0,0,0,0,0
232788,41.385227,2.171657,0,1443,562,2,0.47,40,0,1,0,0,0,0,0
232792,41.401775,2.147743,1,1652,618,2,0.19,39,0,1,0,0,0,0,0
23309064,36.889935,30.695229,1,156,236,1,0.14,60,0,0,0,0,0,0,1
23326647,25.114355,55.19152,0,11,8,2,0.6,1,0,0,1,0,0,0,0
23333014,38.424747,27.131863,1,890,593,2,0.0,120,1,0,0,0,0,1,0
23333245,38.457928,27.11268,0,7,4,1,0.38,1,0,0,0,0,0,1,0
23341907,38.29179,26.3722,1,11,47,1,0.22,1,0,0,0,0,0,1,0
23346831,25.22964,55.337276,1,89,77,2,0.17,42,1,0,1,0,0,0,0
2335283,25.281897,55.315125,0,504,286,2,0.44,74,0,0,1,0,0,0,0
23393331,25.265018,55.322186,0,299,177,2,0.7,94,1,0,1,0,0,0,0
23425371,41.396294,2.179692,1,202,340,4,0.05,114,1,1,0,0,0,0,0
23425940,38.510124,27.046278,1,8,18,1,0.5,1,0,0,0,0,0,1,0
234397,41.387024,2.168635,1,1137,648,2,0.14,49,1,1,0,0,0,0,0
23445197,41.355545,2.126958,0,128,147,2,0.64,63,1,1,0,0,0,0,0
23451098,25.113373,55.20392,1,144,135,2,0.32,15,0,0,1,0,0,0,0
234572,41.389725,2.148989,1,3967,1228,2,0.18,53,0,1,0,0,0,0,0
234573,41.380653,2.171481,0,1208,329,2,0.61,34,0,1,0,0,0,0,0
234578,41.38427,2.18425,0,859,347,2,0.44,46,0,1,0,0,0,0,0
234579,41.413963,2.177573,0,921,475,1,0.56,37,0,1,0,0,0,0,0
23469903,25.249207,55.279747,1,669,478,3,0.07,73,1,0,1,0,0,0,0
23479599,38.436977,27.145393,0,2,24,1,0.26,19,0,0,0,0,0,1,0
234849,41.40209,2.151142,1,1212,619,2,0.16,56,0,1,0,0,0,0,0
23487461,25.226809,55.289085,1,87,86,2,0.39,78,0,0,1,0,0,0,0
23492792,37.949097,27.368168,1,10,41,1,0.23,1,0,0,0,0,0,1,0
23504122,38.422733,27.144674,1,2,0,1,0.12,1,0,0,0,0,0,1,0
23508404,27.96974,34.41329,1,991,2349,2,0.1,114,1,0,0,1,0,0,0
23514259,25.226576,55.340267,1,34,57,2,0.07,74,1,0,1,0,0,0,0
23525162,38.28435,26.37429,1,2,0,2,0.11,1,0,0,0,0,0,1,0
23528625,25.020742,55.15325,1,274,340,2,0.07,63,0,0,1,0,0,0,0
23530087,38.42642,27.15085,1,8,14,1,0.25,1,0,0,0,0,0,1,0
23534533,38.28872,26.377834,1,2,4,1,0.37,1,0,0,0,0,0,1,0
23536838,28.04707,34.433056,1,8244,9138,2,0.14,79,0,0,0,1,0,0,0
2354683,25.255495,55.285538,1,5118,2258,2,0.14,80,1,0,1,0,0,0,0
23547106,25.207462,55.268562,1,211,173,4,0.02,54,1,0,1,0,0,0,0
23579558,25.257563,55.33543,1,617,245,2,0.12,120,0,0,1,0,0,0,0
23579571,25.162712,55.24882,1,366,218,2,0.02,27,0,0,1,0,0,0,0
23583463,25.059042,55.214184,0,32,21,2,0.54,5,0,0,1,0,0,0,0
23610170,25.228243,55.28329,1,470,260,3,0.09,53,1,0,1,0,0,0,0
236190,41.398434,2.177935,1,2176,348,2,0.28,48,0,1,0,0,0,0,0
236194,41.414253,2.144828,0,1381,529,1,0.65,49,1,1,0,0,0,0,0
236198,41.385082,2.170642,0,1350,842,2,0.44,46,0,1,0,0,0,0,0
23620265,38.28445,26.36905,1,12,11,2,0.19,1,0,0,0,0,0,1,0
23624061,25.208,55.26439,1,882,497,2,0.09,69,1,0,1,0,0,0,0
23630662,24.960905,55.150986,1,996,673,2,0.12,98,1,0,1,0,0,0,0
23631662,25.05443,55.20534,1,2181,1284,2,0.01,99,0,0,1,0,0,0,0
23641786,25.022358,55.156624,1,82,48,2,0.02,69,0,0,1,0,0,0,0
23650180,25.106962,55.145744,1,1434,2483,4,0.08,194,1,0,1,0,0,0,0
23652785,25.276102,55.300926,1,370,239,2,0.2,60,0,0,1,0,0,0,0
23654742,25.192352,55.28454,1,353,370,4,0.2,115,1,0,1,0,0,0,0
23660409,27.917915,34.32528,0,17,18,1,0.9,1,0,0,0,1,0,0,0
23687218,25.26309,55.33682,1,214,67,2,0.25,25,1,0,1,0,0,0,0
23691627,25.23457,55.26049,1,300,400,3,0.35,79,1,0,1,0,0,0,0
23700469,38.439823,27.14515,1,12,3,1,0.27,1,0,0,0,0,0,1,0
23706906,25.21942,55.2844,1,584,944,3,0.3,122,1,0,1,0,0,0,0
237157,41.37899,2.174006,0,1923,1035,2,0.44,47,0,1,0,0,0,0,0
237158,41.379215,2.175144,0,1339,329,2,0.3,44,0,1,0,0,0,0,0
237160,41.382774,2.18472,0,1465,554,1,0.47,51,0,1,0,0,0,0,0
23743533,25.18178,55.27908,1,274,498,3,0.15,126,1,0,1,0,0,0,0
23765371,25.22102,55.33446,0,90,191,2,0.58,29,0,0,1,0,0,0,0
23765511,25.041426,55.18722,1,361,233,2,0.31,88,1,0,1,0,0,0,0
23776043,25.23549,55.308365,1,4,14,3,0.55,99,0,0,1,0,0,0,0
23787171,25.038025,55.14742,1,2,0,1,0.13,1,0,0,1,0,0,0,0
23792273,25.078405,55.14176,1,56,133,3,0.44,52,0,0,1,0,0,0,0
23793962,25.194126,55.177036,1,624,1350,4,0.2,104,1,0,1,0,0,0,0
23798830,25.097574,55.180103,1,1007,456,2,0.02,73,1,0,1,0,0,0,0
23803707,25.226126,55.441353,1,541,162,2,0.19,99,1,0,1,0,0,0,0
23843020,25.123533,55.154705,1,1479,2667,4,0.06,161,1,0,1,0,0,0,0
23845669,25.100359,55.157173,1,640,1207,4,0.14,134,1,0,1,0,0,0,0
23860363,25.19121,55.28181,1,226,221,3,0.23,19,0,0,1,0,0,0,0
23862273,25.268625,55.327976,0,4,0,1,0.7,1,0,0,1,0,0,0,0
23862400,25.193441,55.267628,1,749,742,3,0.15,77,0,0,1,0,0,0,0
23867587,38.28872,26.377834,1,1,1,2,0.45,1,0,0,0,0,0,1,0
23905359,25.116007,55.205704,1,456,473,2,0.04,84,0,0,1,0,0,0,0
23919403,27.974543,34.423054,1,9610,12525,2,0.19,90,0,0,0,1,0,0,0
23925905,38.409153,27.112871,1,1,3,1,0.44,1,0,0,0,0,0,1,0
23940505,26.99424,33.89764,1,614,2278,3,0.35,75,0,0,0,1,0,0,0
23957670,36.870575,30.651236,0,17,84,1,0.11,83,0,0,0,0,0,0,1
239590,41.385883,2.166505,0,340,74,1,0.71,23,0,1,0,0,0,0,0
239591,41.380066,2.171172,0,835,352,2,0.46,41,1,1,0,0,0,0,0
23960091,38.267178,26.407585,1,10,51,3,0.23,1,0,0,0,0,0,1,0
23968360,25.268284,55.303547,1,140,163,2,0.21,111,1,0,1,0,0,0,0
2398370,37.943783,27.432657,1,29,19,1,0.09,9,0,0,0,0,0,1,0
23988790,27.914366,34.327927,1,657,493,1,0.01,73,0,0,0,1,0,0,0
2400768,25.230265,55.159813,1,422,1101,2,0.12,116,0,0,1,0,0,0,0
24009680,25.183165,55.27289,1,57,136,3,0.05,43,1,0,1,0,0,0,0
24014933,41.39166,2.163945,0,20,40,2,0.76,34,0,1,0,0,0,0,0
24044473,25.18569,55.27423,1,94,52,3,0.03,12,0,0,1,0,0,0,0
24050234,25.041107,55.18381,0,32,72,2,0.53,5,0,0,1,0,0,0,0
24056256,36.885292,30.703976,1,15,52,1,0.25,56,0,0,0,0,0,0,1
2407420,25.217575,55.278538,1,4075,2440,3,0.26,134,0,0,1,0,0,0,0
24084498,27.658537,33.846493,1,450,1037,3,0.11,119,1,0,0,1,0,0,0
240860,41.371788,2.181014,0,2918,1851,2,0.62,61,1,1,0,0,0,0,0
24086811,25.266523,55.29423,1,53,45,1,0.06,10,0,0,1,0,0,0,0
24089395,38.436867,27.141844,0,9,33,1,0.37,26,0,0,0,0,0,1,0
24093096,25.267479,55.30612,1,17,44,2,0.49,19,0,0,1,0,0,0,0
24093271,25.10756,55.143017,1,369,695,3,0.05,121,1,0,1,0,0,0,0
24098225,41.375374,2.172957,0,25,50,1,0.75,48,1,1,0,0,0,0,0
24108735,27.855925,34.31408,1,418,938,2,0.22,22,0,0,0,1,0,0,0
24111285,25.025904,55.19131,0,25,95,2,0.1,51,0,0,1,0,0,0,0
24113908,38.963745,35.24332,1,4,29,2,0.33,1,0,0,0,0,0,1,0
24134016,27.966557,34.402374,1,377,1144,2,0.06,130,1,0,0,1,0,0,0
2414037,25.097212,55.17448,1,4194,1478,2,0.14,95,0,0,1,0,0,0,0
2416579,25.265587,55.317276,0,1108,642,2,0.42,60,0,0,1,0,0,0,0
24171693,25.189419,55.267536,1,1389,544,2,0.05,32,0,0,1,0,0,0,0
24189569,25.253176,55.365673,1,205,106,1,0.02,2,0,0,1,0,0,0,0
242975,41.386356,2.123047,1,937,569,3,0.27,98,1,1,0,0,0,0,0
2438888,38.43699,27.14439,0,5,0,1,0.4,22,0,0,0,0,0,1,0
2444931,25.269377,55.316742,1,3267,1820,2,0.35,105,1,0,1,0,0,0,0
2445260,25.121248,55.153755,1,9399,10827,4,0.05,105,1,0,1,0,0,0,0
2456384,38.43607,27.144197,0,75,83,1,0.33,27,0,0,0,0,0,1,0
24851391,25.105793,55.147003,1,1122,1551,4,0.13,130,0,0,1,0,0,0,0
24863727,38.42189,27.151358,0,17,74,1,0.3,81,0,0,0,0,0,1,0
24881457,25.27507,55.31048,0,3,3,1,0.27,1,0,0,1,0,0,0,0
24889023,38.278893,26.36922,1,2,37,3,0.26,43,0,0,0,0,0,1,0
24944367,41.41448,2.18981,1,11,47,1,0.73,1,0,1,0,0,0,0,0
24945991,38.426247,27.15036,1,2,0,1,0.38,1,0,0,0,0,0,1,0
24950181,38.43963,27.145662,1,4,18,1,0.34,1,0,0,0,0,0,1,0
24951491,25.108168,55.14247,0,682,595,4,0.38,104,1,0,1,0,0,0,0
24983709,38.40063,27.069065,1,156,192,2,0.01,85,1,0,0,0,0,1,0
24990240,27.182596,33.824966,1,822,1391,2,0.01,90,0,0,0,1,0,0,0
24997007,25.07576,55.248756,1,340,238,2,0.04,162,1,0,1,0,0,0,0
25001438,25.072266,55.135857,1,273,214,4,0.1,14,0,0,1,0,0,0,0
25002054,38.42324,27.142775,1,3,7,1,0.08,1,0,0,0,0,0,1,0
25011187,25.267406,55.330193,0,11,12,2,0.13,1,0,0,1,0,0,0,0
250390,41.379875,2.174258,0,2383,1001,2,0.6,47,0,1,0,0,0,0,0
2509533,36.88385,30.70411,1,743,744,1,0.1,89,0,0,0,0,0,0,1
25146491,25.111456,55.138504,1,538,814,3,0.26,89,1,0,1,0,0,0,0
25153950,25.208923,55.343952,1,197,325,4,0.23,120,1,0,1,0,0,0,0
25176842,25.256565,55.30061,1,3,16,2,0.58,1,0,0,1,0,0,0,0
25180578,25.26329,55.289627,0,31,66,2,0.51,59,0,0,1,0,0,0,0
25190105,38.387325,26.754635,1,1,4,1,0.32,1,0,0,0,0,0,1,0
25214481,25.192472,55.28148,0,2,4,4,0.21,1,0,0,1,0,0,0,0
252390,36.45497,28.221596,0,1369,846,2,0.31,70,0,0,0,0,1,0,0
25243687,38.42641,27.148996,0,5,3,1,0.23,1,0,0,0,0,0,1,0
25244031,25.112635,55.13969,1,79,109,4,0.02,13,0,0,1,0,0,0,0
25249570,25.12506,55.113922,1,454,1144,4,0.18,177,1,0,1,0,0,0,0
2526254,25.078148,55.13477,1,5148,3118,4,0.22,135,1,0,1,0,0,0,0
25265121,25.256933,55.299854,1,26,27,1,0.43,77,0,0,1,0,0,0,0
25269713,24.987932,55.374977,0,41,55,2,0.49,29,1,0,1,0,0,0,0
25270120,38.43701,27.144844,1,2,21,1,0.14,37,0,0,0,0,0,1,0
25317954,25.076078,55.133015,1,4,32,1,0.11,1,0,0,1,0,0,0,0
2532220,25.272858,55.317177,0,66,33,2,0.69,50,0,0,1,0,0,0,0
2538214,41.3753,2.135366,0,72,78,1,0.78,22,0,1,0,0,0,0,0
25385702,25.060722,55.141647,1,105,259,4,0.11,119,0,0,1,0,0,0,0
253983,36.125774,28.064934,1,6127,6573,2,0.5,95,1,0,0,0,1,0,0
25418887,24.9968,55.4537,1,49,117,4,0.42,63,0,0,1,0,0,0,0
2545026,41.37663,2.172587,1,2668,1317,2,0.12,70,0,1,0,0,0,0,0
254870,41.38426,2.178467,1,2601,1543,2,0.13,56,1,1,0,0,0,0,0
25518099,25.22529,55.27871,0,6,12,2,0.59,35,0,0,1,0,0,0,0
2553261,25.269108,55.31675,1,673,251,3,0.03,101,1,0,1,0,0,0,0
2554227,25.1916,55.2603,0,515,554,2,0.44,31,0,0,1,0,0,0,0
25798691,38.428036,27.193062,1,1,0,2,0.15,1,0,0,0,0,0,1,0
258755,41.387783,2.173379,0,2137,645,2,0.22,74,0,1,0,0,0,0,0
259360,41.379948,2.180626,1,3057,1282,2,0.01,72,0,1,0,0,0,0,0
260638,41.38984,2.180072,1,2533,496,2,0.1,69,1,1,0,0,0,0,0
260872,36.4476,28.2158,1,1362,1212,1,0.18,74,0,0,0,0,1,0,0
2615948,25.0714,55.1292,1,1077,822,2,0.11,46,0,0,1,0,0,0,0
26348613,25.266073,55.32538,1,9,7,2,0.53,1,0,0,1,0,0,0,0
26351197,38.409153,27.112871,0,3,0,1,0.47,1,0,0,0,0,0,1,0
263714,41.380062,2.175744,0,1143,385,1,0.7,20,0,1,0,0,0,0,0
2641384,38.3929,27.033693,0,25,10,1,0.42,34,0,0,0,0,0,1,0
26432940,37.02387,27.417477,1,38,215,1,0.06,23,0,0,0,0,0,1,0
2649154,41.37997,2.174995,1,1329,743,3,0.01,23,1,1,0,0,0,0,0
26562173,27.857092,34.301235,1,13,55,2,0.1,1,0,0,0,1,0,0,0
266131,41.425453,2.120809,0,1518,1433,3,0.38,50,1,1,0,0,0,0,0
26626566,25.183146,55.272938,1,82,87,3,0.08,3,0,0,1,0,0,0,0
266811,41.410652,2.173136,0,510,203,1,0.49,41,0,1,0,0,0,0,0
26790693,25.203102,55.34923,1,46,77,3,0.41,2,1,0,1,0,0,0,0
2680290,36.856133,30.872875,1,4291,7343,4,0.19,103,1,0,0,0,0,0,1
26837355,25.18148,55.253323,1,26,38,2,0.45,53,0,0,1,0,0,0,0
2718389,38.430965,27.15012,0,43,34,1,0.31,31,0,0,0,0,0,1,0
2723699,36.87729,30.706293,1,123,326,2,0.12,70,0,0,0,0,0,0,1
2732635,41.411636,2.211971,1,1781,1044,2,0.29,62,0,1,0,0,0,0,0
273990,36.452972,28.218298,1,4756,5252,2,0.16,67,0,0,0,0,1,0,0
274118,41.38948,2.165849,0,639,544,2,0.42,41,0,1,0,0,0,0,0
278870,36.195526,27.97348,0,475,943,4,0.22,102,0,0,0,0,1,0,0
279200,41.39594,2.160881,0,618,262,2,0.32,50,0,1,0,0,0,0,0
280861,41.375107,2.169188,0,1986,796,2,0.55,44,1,1,0,0,0,0,0
280923,41.377518,2.11359,0,1791,566,2,0.59,45,0,1,0,0,0,0,0
282015,36.361145,28.21267,1,2192,1804,3,0.08,99,1,0,0,0,1,0,0
282300,41.392918,2.192717,0,3227,1581,2,0.41,69,1,1,0,0,0,0,0
285755,41.408085,2.212055,0,1511,456,2,0.31,54,0,1,0,0,0,0,0
289345,41.392075,2.155489,0,1181,321,2,0.37,62,1,1,0,0,0,0,0
289353,41.390076,2.142502,1,755,283,2,0.19,40,1,1,0,0,0,0,0
289549,36.44972,28.216038,1,1535,1146,1,0.09,55,0,0,0,0,1,0,0
290554,41.379444,2.17589,0,1811,605,2,0.63,29,0,1,0,0,0,0,0
291367,36.42291,28.192888,0,1587,1694,1,0.42,43,0,0,0,0,1,0,0
291376,36.421394,28.18935,0,2784,3178,2,0.16,76,0,0,0,0,1,0,0
291378,36.420513,28.188238,1,3644,3155,2,0.09,127,0,0,0,0,1,0,0
291590,41.402493,2.212221,0,2674,846,2,0.42,52,1,1,0,0,0,0,0
292353,36.36882,28.221567,1,2231,2594,2,0.08,125,0,0,0,0,1,0,0
292635,36.331314,28.200655,1,1599,2417,2,0.14,51,0,0,0,0,1,0,0
292642,36.419624,28.171358,0,3203,4559,3,0.3,121,0,0,0,0,1,0,0
294788,37.04176,27.44056,1,1172,980,2,0.03,67,0,0,0,0,0,1,0
294791,37.0335,27.422,1,801,608,2,0.09,50,1,0,0,0,0,1,0
295124,36.88463,30.66988,1,3270,3661,3,0.02,110,1,0,0,0,0,0,1
295783,37.039616,27.439014,1,1314,992,2,0.02,80,0,0,0,0,0,1,0
295789,37.037716,27.42737,1,426,337,3,0.07,43,0,0,0,0,0,1,0
295819,37.132896,27.37599,1,275,267,2,0.07,46,0,0,0,0,0,1,0
295822,36.9878,27.5503,0,1904,1566,4,0.33,64,0,0,0,0,0,1,0
296169,37.028408,27.416462,1,2785,2443,2,0.13,102,0,0,0,0,0,1,0
296187,36.88581,30.706188,1,664,534,1,0.1,51,0,0,0,0,0,0,1
296796,36.3561,28.2108,1,1825,2127,2,0.33,90,0,0,0,0,1,0,0
296915,41.386124,2.168306,1,2644,1373,2,0.2,68,0,1,0,0,0,0,0
296916,41.386112,2.165785,1,5754,1879,2,0.08,73,0,1,0,0,0,0,0
298838,37.03106,27.398905,1,4166,2244,2,0.09,61,0,0,0,0,0,1,0
299108,27.944792,34.38034,1,9657,10407,2,0.03,87,0,0,0,1,0,0,0
299235,25.220482,55.280727,1,4193,1660,2,0.31,126,1,0,1,0,0,0,0
299237,25.263859,55.325287,0,728,270,2,0.43,91,0,0,1,0,0,0,0
299239,25.265093,55.310486,1,2148,1372,2,0.25,104,1,0,1,0,0,0,0
299335,38.41418,27.1225,0,191,158,2,0.17,64,1,0,0,0,0,1,0
299705,25.221458,55.28853,1,5188,1826,3,0.26,93,1,0,1,0,0,0,0
299707,25.223312,55.285984,0,1672,582,2,0.35,43,1,0,1,0,0,0,0
299708,25.2557,55.3359,1,3669,1559,2,0.15,144,1,0,1,0,0,0,0
299730,27.85136,34.31441,1,5698,6987,2,0.1,157,1,0,0,1,0,0,0
299808,25.258266,55.324493,1,287,255,3,0.03,57,1,0,1,0,0,0,0
299810,25.270834,55.326992,1,1951,1271,2,0.34,135,1,0,1,0,0,0,0
300144,27.913334,34.34028,1,4973,3917,2,0.39,134,1,0,0,1,0,0,0
300145,27.91587,34.33075,1,5071,4830,1,0.21,90,1,0,0,1,0,0,0
300561,37.032097,27.40396,0,1355,1001,2,0.08,28,0,0,0,0,0,1,0
300858,38.436188,27.141727,0,308,186,2,0.12,56,0,0,0,0,0,1,0
300990,27.916092,34.33452,0,710,953,1,0.44,42,0,0,0,1,0,0,0
301046,38.422333,27.154787,0,20,62,1,0.69,20,0,0,0,0,0,1,0
301047,38.42462,27.148834,0,214,56,1,0.53,48,0,0,0,0,0,1,0
301048,38.42414,27.13974,0,56,45,1,0.26,35,0,0,0,0,0,1,0
301054,38.42816,27.134,0,1713,568,2,0.08,66,1,0,0,0,0,1,0
301055,38.42611,27.132223,0,127,68,1,0.25,49,0,0,0,0,0,1,0
301057,38.411774,27.0327,1,1122,580,2,0.06,131,1,0,0,0,0,1,0
301059,38.426758,27.137121,1,197,150,2,0.09,57,0,0,0,0,0,1,0
301061,38.425007,27.138655,0,45,18,1,0.62,26,0,0,0,0,0,1,0
301242,27.964497,34.39878,1,8233,8954,1,0.18,98,1,0,0,1,0,0,0
301379,25.20628,55.27289,1,5460,3464,3,0.08,152,1,0,1,0,0,0,0
301525,25.25338,55.30383,0,574,381,1,0.49,63,0,0,1,0,0,0,0
301562,25.248194,55.347595,1,7101,3723,3,0.06,94,1,0,1,0,0,0,0
301570,25.091726,55.1472,1,4949,4037,4,0.19,94,1,0,1,0,0,0,0
301584,25.085138,55.139565,1,10102,7880,4,0.02,130,1,0,1,0,0,0,0
301681,25.248476,55.34382,0,3122,1055,2,0.33,110,1,0,1,0,0,0,0
301691,25.265919,55.325626,0,1083,364,2,0.37,40,0,0,1,0,0,0,0
301819,27.939215,34.37691,1,3494,4543,2,0.32,119,0,0,0,1,0,0,0
301826,27.911112,34.32697,1,2572,2746,2,0.06,106,1,0,0,1,0,0,0
301833,27.92153,34.36772,0,4416,4687,2,0.11,95,1,0,0,1,0,0,0
301867,25.261381,55.313606,1,4386,2814,2,0.44,102,1,0,1,0,0,0,0
301868,25.25745,55.29948,0,1408,546,2,0.23,76,0,0,1,0,0,0,0
301880,27.955154,34.39296,1,2393,2454,4,0.15,157,1,0,0,1,0,0,0
301908,25.234121,55.31162,1,3039,1160,2,0.35,120,1,0,1,0,0,0,0
301992,27.1658,33.82343,1,6390,11276,1,0.24,145,0,0,0,1,0,0,0
302029,27.077637,33.883087,1,2337,2760,3,0.09,109,1,0,0,1,0,0,0
302098,25.208553,55.271908,1,3716,2840,3,0.05,133,1,0,1,0,0,0,0
302099,25.270266,55.331013,1,1439,532,2,0.24,104,1,0,1,0,0,0,0
302134,27.849863,34.31298,1,4240,5399,2,0.24,114,1,0,0,1,0,0,0
302136,27.863379,34.293736,1,5745,6060,2,0.08,87,1,0,0,1,0,0,0
302138,27.907179,34.328358,1,2831,2689,1,0.09,71,0,0,0,1,0,0,0
302206,25.082592,55.137665,1,7114,6399,4,0.02,133,1,0,1,0,0,0,0
302214,27.865192,34.321014,1,1957,3487,3,0.25,99,0,0,0,1,0,0,0
302362,27.907528,34.32651,1,2510,2609,1,0.13,151,0,0,0,1,0,0,0
302457,25.141317,55.185345,1,6899,10996,4,0.31,112,1,0,1,0,0,0,0
302462,25.141605,55.19128,1,3877,2873,4,0.3,15,1,0,1,0,0,0,0
302463,25.217709,55.282124,1,5156,4061,4,0.14,114,1,0,1,0,0,0,0
302465,25.135298,55.185753,1,5307,4715,4,0.3,182,1,0,1,0,0,0,0
302778,25.248001,55.34539,1,4074,1799,2,0.11,135,1,0,1,0,0,0,0
302789,24.822983,55.66261,1,2148,3773,4,1.0,80,1,0,1,0,0,0,0
302792,24.986826,55.02385,1,5966,4272,4,0.31,143,1,0,1,0,0,0,0
302796,27.209175,33.846275,1,9518,8362,2,0.22,116,1,0,0,1,0,0,0
302797,27.215631,33.840694,1,3712,4862,2,0.21,124,0,0,0,1,0,0,0
302807,27.875975,34.31722,0,2285,2881,1,0.48,44,0,0,0,1,0,0,0
304401,25.235388,55.279545,0,461,239,2,0.47,37,0,0,1,0,0,0,0
304492,25.274853,55.32763,0,1259,583,1,0.39,61,0,0,1,0,0,0,0
304493,25.073647,55.1289,1,3612,3047,4,0.26,77,1,0,1,0,0,0,0
304732,36.883686,30.70469,1,497,675,1,0.06,54,0,0,0,0,0,0,1
304846,36.88323,30.704258,1,503,533,1,0.09,39,0,0,0,0,0,0,1
305090,27.965782,34.400047,1,10744,9992,1,0.26,84,1,0,0,1,0,0,0
305091,27.9148,34.32694,0,5356,3896,1,0.38,75,0,0,0,1,0,0,0
305092,27.913872,34.32765,1,2823,2345,1,0.22,63,1,0,0,1,0,0,0
305094,28.02524,34.4381,1,5963,5393,1,0.17,158,0,0,0,1,0,0,0
305582,41.38735,2.160496,0,3646,1358,2,0.16,78,1,1,0,0,0,0,0
305584,41.39611,2.179265,0,1854,649,2,0.27,38,1,1,0,0,0,0,0
306221,38.421444,27.142637,1,254,155,1,0.08,28,0,0,0,0,0,1,0
306606,25.275211,55.368107,1,1397,591,2,0.01,49,0,0,1,0,0,0,0
306631,25.2596,55.2941,0,893,248,2,0.26,49,0,0,1,0,0,0,0
306636,25.234259,55.26253,0,1335,1087,3,0.37,66,0,0,1,0,0,0,0
306639,25.2476,55.2866,0,167,93,1,0.55,52,0,0,1,0,0,0,0
306642,25.228159,55.327927,1,8932,5836,4,0.24,123,1,0,1,0,0,0,0
306662,25.079079,55.134075,1,8200,5319,4,0.22,120,1,0,1,0,0,0,0
306684,25.278898,55.304455,1,6144,2152,2,0.34,139,1,0,1,0,0,0,0
306689,25.237165,55.274254,0,1721,632,2,0.37,66,1,0,1,0,0,0,0
306729,25.2756,55.306,0,229,127,1,0.53,46,0,0,1,0,0,0,0
306734,25.086313,55.14115,1,7745,6324,4,0.13,127,1,0,1,0,0,0,0
306741,25.0972,55.1519,1,3092,2903,4,0.16,122,1,0,1,0,0,0,0
306743,25.2595,55.28746,0,180,55,2,0.63,27,0,0,1,0,0,0,0
306749,25.25368,55.335793,1,1837,510,2,0.06,68,0,0,1,0,0,0,0
306751,25.264147,55.32711,1,1513,440,2,0.2,66,0,0,1,0,0,0,0
306758,25.226192,55.283913,1,6019,2450,3,0.15,165,1,0,1,0,0,0,0
306761,25.261791,55.3197,0,1394,712,2,0.4,51,0,0,1,0,0,0,0
306762,25.212778,55.275383,1,4860,1376,2,0.28,67,1,0,1,0,0,0,0
307373,36.856728,30.91618,1,3848,5452,3,0.36,91,0,0,0,0,0,0,1
307586,38.431355,27.136457,0,209,68,2,0.2,34,0,0,0,0,0,1,0
307588,38.426113,27.133041,0,164,161,1,0.27,45,0,0,0,0,0,1,0
307909,25.260117,55.29114,0,511,249,2,0.51,24,0,0,1,0,0,0,0
308117,27.256971,33.8309,1,1780,2548,2,0.25,131,1,0,0,1,0,0,0
308190,25.270712,55.316322,0,88,33,2,0.57,27,0,0,1,0,0,0,0
308196,27.10223,33.82806,1,8355,7417,2,0.06,125,1,0,0,1,0,0,0
308235,25.26646,55.2942,0,144,134,1,0.5,56,0,0,1,0,0,0,0
308513,25.25156,55.29503,0,2675,1007,2,0.41,40,0,0,1,0,0,0,0
309653,25.26531,55.31693,0,401,344,2,0.46,27,1,0,1,0,0,0,0
309659,25.255322,55.28483,1,2497,457,2,0.33,86,0,0,1,0,0,0,0
311379,38.42502,27.138813,0,260,122,2,0.43,32,0,0,0,0,0,1,0
314888,25.273914,55.31907,0,1132,558,1,0.38,98,0,0,1,0,0,0,0
3153467,38.32771,27.135874,0,18,6,1,0.41,5,0,0,0,0,0,1,0
3156815,38.422325,27.145983,0,1,7,1,0.5,16,0,0,0,0,0,1,0
3157793,38.4376,27.14413,0,16,6,1,0.26,12,0,0,0,0,0,1,0
3157897,38.422504,27.141417,0,84,62,1,0.32,19,0,0,0,0,0,1,0
3157902,38.42187,27.14378,0,6,1,1,0.29,32,0,0,0,0,0,1,0
3157916,38.42272,27.13165,0,29,54,1,0.38,26,0,0,0,0,0,1,0
3158136,38.423,27.14296,0,12,15,1,0.36,12,0,0,0,0,0,1,0
3160432,38.47129,27.085388,0,17,24,2,0.18,43,0,0,0,0,0,1,0
3162089,38.4248,27.148668,0,80,40,1,0.18,53,0,0,0,0,0,1,0
316296,25.273605,55.38138,0,172,71,2,0.54,60,0,0,1,0,0,0,0
316502,28.0427,34.4315,0,5302,5565,2,0.22,70,0,0,0,1,0,0,0
316715,36.42686,28.198936,1,2264,2159,2,0.21,56,1,0,0,0,1,0,0
316720,36.42313,28.19858,1,1721,1834,1,0.07,125,0,0,0,0,1,0,0
316744,28.023405,34.43737,1,4358,4505,3,0.07,89,0,0,0,1,0,0,0
316764,36.41607,28.1769,1,1000,844,1,0.15,43,0,0,0,0,1,0,0
3170546,36.435,28.219023,1,197,113,1,0.27,36,0,0,0,0,1,0,0
317260,27.8701,34.304592,1,769,1021,1,0.29,87,1,0,0,1,0,0,0
317574,27.869843,34.3096,0,1098,1163,1,0.55,26,0,0,0,1,0,0,0
317622,36.423195,28.152828,0,1522,1456,2,0.33,105,0,0,0,0,1,0,0
319706,25.242044,55.27509,0,158,91,2,0.65,113,0,0,1,0,0,0,0
3247112,36.41583,28.157166,1,264,191,3,0.03,30,0,0,0,0,1,0,0
324797,27.929867,34.36493,0,10097,13614,1,0.28,134,1,0,0,1,0,0,0
3249050,25.113811,55.20017,1,1821,1029,2,0.35,138,0,0,1,0,0,0,0
3291088,25.099396,55.173405,1,1047,764,2,0.0,70,1,0,1,0,0,0,0
3297630,25.073559,55.130222,1,9788,5479,3,0.26,76,1,0,1,0,0,0,0
3333926,41.387794,2.17173,1,1622,1060,2,0.07,49,0,1,0,0,0,0,0
3333932,25.26132,55.325413,0,114,49,1,0.62,51,1,0,1,0,0,0,0
3339621,36.058907,27.98086,1,788,903,3,0.19,84,1,0,0,0,1,0,0
3397043,38.434063,27.148064,0,146,93,1,0.55,49,0,0,0,0,0,1,0
3398840,41.391003,2.172384,1,1543,339,2,0.03,17,1,1,0,0,0,0,0
3400654,41.38276,2.179029,1,1983,637,4,0.01,79,0,1,0,0,0,0,0
3447941,25.185402,55.258087,1,15221,11007,4,0.06,94,1,0,1,0,0,0,0
3457852,41.38145,2.159246,0,292,177,1,0.2,39,0,1,0,0,0,0,0
3490066,25.231575,55.27059,1,1311,712,2,0.12,52,0,0,1,0,0,0,0
3523033,25.257254,55.289318,1,1300,341,2,0.24,75,0,0,1,0,0,0,0
3528571,25.089302,55.37954,0,291,155,2,0.05,56,0,0,1,0,0,0,0
3528995,25.112541,55.1883,1,3980,1664,2,0.18,139,1,0,1,0,0,0,0
3533952,41.39989,2.200992,0,2485,572,1,0.44,36,1,1,0,0,0,0,0
3540235,41.3992,2.162859,0,2309,857,1,0.08,43,1,1,0,0,0,0,0
3569911,25.278608,55.313873,0,312,94,1,0.44,21,0,0,1,0,0,0,0
3573109,27.9203,34.3493,1,7678,8922,2,0.04,127,1,0,0,1,0,0,0
3580895,25.270355,55.32168,1,2072,604,2,0.14,75,1,0,1,0,0,0,0
3587207,38.418472,27.130007,0,92,34,1,0.39,59,0,0,0,0,0,1,0
3592425,25.100868,55.173183,1,2546,1054,2,0.25,64,1,0,1,0,0,0,0
3596009,28.010128,34.425453,1,3026,3448,1,0.39,79,0,0,0,1,0,0,0
3683673,41.399086,2.157717,1,446,92,1,0.07,28,0,1,0,0,0,0,0
3686057,41.38609,2.167628,0,1331,262,2,0.06,29,0,1,0,0,0,0,0
3689833,38.42043,27.14067,0,38,19,1,0.45,43,0,0,0,0,0,1,0
3700591,37.0818,27.4757,1,6435,5528,4,0.45,133,0,0,0,0,0,1,0
3704416,25.110882,55.139935,1,11477,9569,4,0.17,190,1,0,1,0,0,0,0
3809216,36.37058,28.223122,1,3818,6011,3,0.06,91,0,0,0,0,1,0,0
3820189,38.423004,27.142014,0,76,45,1,0.65,52,0,0,0,0,0,1,0
3840620,27.885828,34.328964,1,2522,4685,2,0.05,64,0,0,0,1,0,0,0
3842719,25.278942,55.304455,0,196,149,3,0.05,133,1,0,1,0,0,0,0
3853285,25.290127,55.354427,1,1323,334,2,0.19,85,1,0,1,0,0,0,0
3964699,41.38318,2.160522,1,1264,591,2,0.2,60,1,1,0,0,0,0,0
3971172,41.380844,2.177336,1,1052,460,3,0.01,63,1,1,0,0,0,0,0
4014393,41.390106,2.169671,1,1524,498,2,0.05,49,1,1,0,0,0,0,0
4053452,38.32647,26.30738,1,3,21,1,0.28,5,0,0,0,0,0,1,0
4098239,38.4233,27.142673,0,187,101,1,0.28,28,0,0,0,0,0,1,0
4114901,25.185678,55.263123,1,3390,2427,3,0.21,141,1,0,1,0,0,0,0
4187044,27.920408,34.33708,1,2438,2201,1,0.12,58,0,0,0,1,0,0,0
4263293,38.426632,27.135643,1,610,522,2,0.05,83,1,0,0,0,0,1,0
4323634,41.38929,2.172539,1,1678,1138,2,0.1,59,1,1,0,0,0,0,0
4424177,38.440037,27.146786,1,698,187,1,0.05,52,1,0,0,0,0,1,0
4427273,38.394608,27.044031,0,355,150,2,0.28,39,1,0,0,0,0,1,0
4463171,41.39459,2.162386,1,2485,864,2,0.16,57,0,1,0,0,0,0,0
446841,25.25376,55.299324,1,435,107,2,0.33,47,0,0,1,0,0,0,0
446842,25.267195,55.307014,0,440,275,2,0.44,67,0,0,1,0,0,0,0
455104,25.260431,55.324657,0,119,44,1,0.71,22,0,0,1,0,0,0,0
455422,25.267204,55.306423,0,446,421,2,0.38,79,0,0,1,0,0,0,0
4558923,41.395695,2.158546,1,474,254,1,0.03,32,0,1,0,0,0,0,0
4569039,41.392174,2.158486,1,3537,930,3,0.04,57,1,1,0,0,0,0,0
464191,27.9629,34.3896,1,9239,8589,2,0.02,134,0,0,0,1,0,0,0
4714888,41.406303,2.200802,1,900,798,3,0.31,52,1,1,0,0,0,0,0
471832,28.032413,34.438507,1,4740,5391,2,0.2,107,1,0,0,1,0,0,0
4761479,38.283836,26.375818,1,4,29,1,0.21,61,0,0,0,0,0,1,0
478659,36.3627,28.2131,1,1184,2450,3,0.17,109,1,0,0,0,1,0,0
478660,36.45186,28.2175,0,278,263,1,0.66,22,0,0,0,0,1,0,0
4813407,38.464188,27.220575,0,50,81,2,0.02,29,0,0,0,0,0,1,0
483102,41.386837,2.166647,0,1953,868,2,0.1,74,1,1,0,0,0,0,0
4881176,25.27066,55.31003,0,104,55,1,0.45,40,0,0,1,0,0,0,0
489057,41.398006,2.158171,1,2153,1389,4,0.1,62,1,1,0,0,0,0,0
4939860,36.44179,28.227787,1,541,360,2,0.03,48,0,0,0,0,1,0,0
497315,25.263386,55.320305,0,259,185,1,0.46,33,0,0,1,0,0,0,0
497631,25.259731,55.326015,0,490,256,1,0.47,76,1,0,1,0,0,0,0
497635,25.260315,55.32462,0,117,85,1,0.6,21,0,0,1,0,0,0,0
497636,25.2568,55.29315,0,257,85,1,0.59,50,0,0,1,0,0,0,0
500438,36.453026,28.220232,1,2374,1190,2,0.07,47,0,0,0,0,1,0,0
501187,25.267569,55.31583,0,146,67,1,0.63,33,0,0,1,0,0,0,0
501210,27.853155,34.310764,1,6031,8341,2,0.16,95,0,0,0,1,0,0,0
502387,37.081005,27.45653,1,9268,8136,4,0.03,102,0,0,0,0,0,1,0
502570,36.85955,30.632145,1,487,384,1,0.06,60,0,0,0,0,0,0,1
502827,37.093025,27.487417,1,1873,2120,3,0.21,167,0,0,0,0,0,1,0
503136,41.391567,2.172852,1,2392,513,2,0.2,42,0,1,0,0,0,0,0
5037102,25.248587,55.296406,0,58,80,2,0.09,51,0,0,1,0,0,0,0
5039858,25.114738,55.20111,0,2075,1155,2,0.4,80,1,0,1,0,0,0,0
505533,27.94779,34.382526,1,1353,2029,2,0.42,45,1,0,0,1,0,0,0
506158,41.383476,2.171058,1,6540,2828,2,0.06,88,0,1,0,0,0,0,0
506194,25.13332,55.183125,1,5221,4503,4,0.25,142,1,0,1,0,0,0,0
506195,25.141172,55.19183,1,6227,5064,4,0.18,10,1,0,1,0,0,0,0
506233,25.003773,55.164936,1,925,615,2,0.28,64,1,0,1,0,0,0,0
506652,41.376488,2.150509,1,3006,1482,2,0.15,49,0,1,0,0,0,0,0
506692,25.266758,55.320007,0,219,186,2,0.46,25,0,0,1,0,0,0,0
506721,36.243916,28.159979,1,3040,4157,4,0.27,90,0,0,0,0,1,0,0
507352,25.08567,55.143894,1,7096,6111,4,0.0,121,1,0,1,0,0,0,0
507837,28.059704,34.436214,1,9767,10647,2,0.46,85,0,0,0,1,0,0,0
514483,37.02788,27.39492,1,3757,3662,4,0.07,132,0,0,0,0,0,1,0
517722,25.244722,55.298553,0,113,77,2,0.7,41,0,0,1,0,0,0,0
518387,36.927567,30.809578,0,361,284,2,0.12,45,0,0,0,0,0,0,1
5254893,37.09954,27.491783,1,1889,3491,4,0.09,109,0,0,0,0,0,1,0
526588,24.81682,55.23129,1,4037,5755,4,0.17,128,0,0,1,0,0,0,0
5274405,38.462574,27.36067,1,436,76,1,0.03,42,1,0,0,0,0,1,0
5288230,25.209175,55.274803,1,2630,1314,3,0.33,116,0,0,1,0,0,0,0
5294361,25.072105,55.128147,1,2121,1539,4,0.31,142,1,0,1,0,0,0,0
535266,27.859297,34.298656,1,2360,2799,2,0.14,82,0,0,0,1,0,0,0
5415101,25.199974,55.269157,1,7504,5186,4,0.7,132,1,0,1,0,0,0,0
542974,41.375023,2.172473,0,984,221,2,0.33,33,0,1,0,0,0,0,0
543153,41.3833,2.168589,1,2542,1213,3,0.0,57,0,1,0,0,0,0,0
543385,41.38949,2.147394,0,641,225,1,0.71,56,0,1,0,0,0,0,0
5480651,41.39189,2.166415,0,225,50,1,0.1,30,0,1,0,0,0,0,0
548145,27.91512,34.35071,1,4596,5385,2,0.24,152,0,0,0,1,0,0,0
5484974,25.2132,55.3156,1,2406,1669,3,0.08,124,1,0,1,0,0,0,0
5503828,25.097797,55.178947,1,513,178,2,0.0,82,0,0,1,0,0,0,0
5504441,25.072287,55.129757,1,4033,2160,3,0.18,68,1,0,1,0,0,0,0
5565218,36.454746,28.21966,1,211,300,4,0.08,99,1,0,0,0,1,0,0
556902,27.90439,34.33106,0,643,981,1,0.82,47,0,0,0,1,0,0,0
557020,36.078995,28.019207,1,3587,3889,3,0.13,88,1,0,0,0,1,0,0
557049,36.856026,30.856567,1,9531,13268,4,0.02,109,1,0,0,0,0,0,1
559387,41.40844,2.217146,0,4178,2055,2,0.52,63,1,1,0,0,0,0,0
559531,36.99355,27.510973,1,958,1292,4,0.4,76,1,0,0,0,0,1,0
559596,36.851288,30.622604,1,3433,3110,2,0.03,84,0,0,0,0,0,0,1
563901,27.86169,34.288612,0,612,803,1,0.27,23,0,0,0,1,0,0,0
565322,27.921751,34.33991,1,1284,2223,1,0.33,73,0,0,0,1,0,0,0
566082,25.21172,55.2742,1,451,393,3,0.1,104,1,0,1,0,0,0,0
5667617,25.065832,55.138103,1,3212,1405,3,0.09,129,1,0,1,0,0,0,0
568401,36.856155,30.889359,1,7172,7617,3,0.12,134,0,0,0,0,0,0,1
568574,25.262623,55.297504,1,3297,1567,2,0.36,56,0,0,1,0,0,0,0
569296,27.981525,34.422916,1,4492,4714,2,0.17,76,1,0,0,1,0,0,0
571370,41.422802,2.098139,0,214,149,1,0.21,30,0,1,0,0,0,0,0
572764,25.20313,55.276882,1,7216,3431,3,0.16,136,1,0,1,0,0,0,0
572784,36.856033,30.879639,1,6299,5254,3,0.06,153,1,0,0,0,0,0,1
573855,25.243307,55.332943,1,4460,3488,4,0.08,95,1,0,1,0,0,0,0
575718,24.987482,55.021893,1,6412,4282,4,0.23,136,1,0,1,0,0,0,0
5790522,41.396275,2.163167,1,2882,1023,2,0.24,28,0,1,0,0,0,0,0
581978,36.34217,28.202755,1,2697,3650,3,0.02,113,0,0,0,0,1,0,0
582045,25.253527,55.297054,1,851,447,2,0.23,46,0,0,1,0,0,0,0
582327,27.939253,34.38333,1,5045,6839,2,0.09,104,1,0,0,1,0,0,0
582611,27.964687,34.392075,1,8612,7098,2,0.03,124,0,0,0,1,0,0,0
582755,27.096617,33.835205,1,8292,10059,2,0.26,140,0,0,0,1,0,0,0
582976,25.119003,55.197506,1,5455,3081,4,0.01,112,1,0,1,0,0,0,0
583816,36.8552,30.858,1,2378,3389,3,0.03,134,0,0,0,0,0,0,1
583945,25.25689,55.292763,0,179,95,2,0.48,25,0,0,1,0,0,0,0
583951,27.089045,33.848515,0,5509,5267,2,0.25,85,0,0,0,1,0,0,0
586893,27.86421,34.310806,0,1259,1641,1,0.27,49,0,0,0,1,0,0,0
587031,27.884865,34.30555,0,1034,1313,1,0.51,46,0,0,0,1,0,0,0
5890945,25.134512,55.151127,1,11350,11179,4,0.1,129,1,0,1,0,0,0,0
589352,41.38631,2.170971,1,2864,1251,3,0.07,44,1,1,0,0,0,0,0
589362,25.093565,55.1555,1,3770,1081,2,0.21,83,1,0,1,0,0,0,0
594132,26.996819,33.89762,1,12234,10201,2,0.43,122,1,0,0,1,0,0,0
595994,27.961721,34.398903,1,3915,4667,1,0.34,59,0,0,0,1,0,0,0
5962536,25.19521,55.28366,0,1199,521,3,0.34,67,0,0,1,0,0,0,0
596727,27.870836,34.311646,0,717,729,1,0.57,78,0,0,0,1,0,0,0
597432,27.974504,34.42219,1,6368,6359,2,0.01,76,0,0,0,1,0,0,0
597862,25.194134,55.26197,1,1876,626,2,0.27,51,1,0,1,0,0,0,0
5982512,36.858288,30.895227,1,7288,7420,2,0.75,78,0,0,0,0,0,0,1
599290,27.87535,34.305927,1,6034,1850,1,0.18,54,0,0,0,1,0,0,0
600103,26.9909,33.8987,1,2607,1441,2,0.03,97,1,0,0,1,0,0,0
600132,36.85679,30.86093,1,8165,8736,3,0.07,145,1,0,0,0,0,0,1
6002497,25.114445,55.20147,1,436,441,2,0.39,33,0,0,1,0,0,0,0
601289,41.405884,2.171628,0,1406,304,1,0.6,46,0,1,0,0,0,0,0
601293,25.259405,55.32304,0,218,171,2,0.64,88,0,0,1,0,0,0,0
601350,41.35261,2.133542,0,394,100,1,0.49,41,1,1,0,0,0,0,0
602352,25.079836,55.136654,1,2942,1683,3,0.34,109,0,0,1,0,0,0,0
603046,27.912546,34.326286,0,1238,1159,1,0.47,34,1,0,0,1,0,0,0
606469,41.429977,2.220304,0,246,83,1,0.72,52,1,1,0,0,0,0,0
607460,27.99744,34.43379,1,2312,2852,1,0.56,65,0,0,0,1,0,0,0
607845,25.25075,55.292408,1,1907,1101,2,0.32,61,0,0,1,0,0,0,0
608390,41.380886,2.173203,0,675,407,1,0.08,26,0,1,0,0,0,0,0
608423,25.242386,55.298004,0,201,95,1,0.59,44,0,0,1,0,0,0,0
610494,41.384773,2.175052,1,2603,790,2,0.17,44,0,1,0,0,0,0,0
613411,27.218132,33.840042,1,4418,3501,1,0.23,91,0,0,0,1,0,0,0
613711,41.381218,2.174103,0,2588,1091,2,0.32,46,1,1,0,0,0,0,0
614392,41.385853,2.19502,1,3222,1802,4,0.06,112,1,1,0,0,0,0,0
614395,41.38402,2.160808,1,2218,1033,2,0.26,50,1,1,0,0,0,0,0
614923,25.2217,55.32908,1,263,254,1,0.3,64,1,0,1,0,0,0,0
6163701,25.21164,55.31555,1,323,288,3,0.01,57,1,0,1,0,0,0,0
618752,28.05803,34.43517,1,9944,9578,2,0.24,82,1,0,0,1,0,0,0
619681,41.383396,2.159835,1,3147,1168,2,0.06,55,0,1,0,0,0,0,0
6204834,41.388557,2.171205,1,1298,809,3,0.07,60,1,1,0,0,0,0,0
6206258,38.42395,27.14539,0,207,128,2,0.15,41,1,0,0,0,0,1,0
621598,25.253725,55.296055,1,619,211,2,0.34,36,0,0,1,0,0,0,0
621735,41.430218,2.195011,0,48,3,1,0.79,18,0,1,0,0,0,0,0
623246,41.38537,2.166924,0,2211,760,2,0.4,65,1,1,0,0,0,0,0
623280,28.05471,34.43562,0,4413,5255,1,0.37,64,0,0,0,1,0,0,0
623825,25.2506,55.3578,1,10203,1254,4,0.01,58,0,0,1,0,0,0,0
625760,25.253744,55.293453,1,2387,1226,2,0.22,94,0,0,1,0,0,0,0
627223,27.871119,34.31389,0,1398,1437,1,0.33,59,0,0,0,1,0,0,0
629068,41.391106,2.165744,0,1164,264,1,0.1,23,0,1,0,0,0,0,0
629175,25.263966,55.29971,1,838,587,2,0.31,19,0,0,1,0,0,0,0
630596,41.346046,2.108611,0,3272,1916,2,0.17,50,1,1,0,0,0,0,0
631950,27.87002,34.31356,1,2750,2384,1,0.2,49,0,0,0,1,0,0,0
633226,27.97193,34.420578,1,7979,7674,2,0.07,91,0,0,0,1,0,0,0
634525,38.427956,27.133718,0,81,13,1,0.36,43,0,0,0,0,0,1,0
636073,36.259357,28.163334,1,1494,1864,3,0.21,58,0,0,0,0,1,0,0
6366413,38.42393,27.145414,0,15,2,1,0.14,16,0,0,0,0,0,1,0
638452,27.867832,34.3215,1,5442,6989,1,0.24,92,0,0,0,1,0,0,0
639129,41.369892,2.143777,0,533,213,2,0.4,58,0,1,0,0,0,0,0
6400581,41.390392,2.16078,1,492,202,1,0.02,38,0,1,0,0,0,0,0
641512,25.269129,55.30561,0,200,185,1,0.5,34,0,0,1,0,0,0,0
642623,25.190891,55.274807,1,4988,2189,4,0.11,68,1,0,1,0,0,0,0
643023,37.02666,27.445217,1,394,392,1,0.01,48,0,0,0,0,0,1,0
644534,25.191143,55.277622,1,4586,2208,4,0.19,80,1,0,1,0,0,0,0
645665,27.87528,34.317596,0,976,1167,1,0.47,34,0,0,0,1,0,0,0
6468635,38.427,27.14,0,882,496,2,0.11,40,1,0,0,0,0,1,0
647102,27.164083,33.824524,1,8736,10110,2,0.04,107,1,0,0,1,0,0,0
647437,25.2542,55.301113,1,358,156,2,0.34,33,0,0,1,0,0,0,0
647469,25.168133,55.44685,1,1629,931,4,0.01,148,1,0,1,0,0,0,0
647963,25.259113,55.291363,1,2628,694,2,0.28,71,0,0,1,0,0,0,0
649070,25.274492,55.315346,0,118,89,1,0.49,58,0,0,1,0,0,0,0
6510502,27.02996,33.88269,1,6972,9221,4,0.36,157,0,0,0,1,0,0,0
6514349,38.42913,27.135834,0,176,62,2,0.13,50,0,0,0,0,0,1,0
652971,27.86785,34.316666,0,1216,1654,1,0.3,46,0,0,0,1,0,0,0
652998,25.210443,55.273525,0,400,402,2,0.51,53,0,0,1,0,0,0,0
653073,27.860353,34.316093,0,2682,2907,2,0.36,69,0,0,0,1,0,0,0
653074,27.86312,34.31363,1,845,1192,1,0.23,64,0,0,0,1,0,0,0
653850,25.262304,55.292007,0,216,124,2,0.55,24,0,0,1,0,0,0,0
655581,27.907465,34.323853,1,4735,3708,2,0.19,72,0,0,0,1,0,0,0
656624,25.22792,55.320347,1,6584,4725,4,0.03,166,1,0,1,0,0,0,0
657191,25.249144,55.312515,0,306,68,2,0.46,39,0,0,1,0,0,0,0
657533,38.429646,27.136253,0,199,58,2,0.13,45,0,0,0,0,0,1,0
6581341,25.26292,55.32767,1,4337,2009,3,0.19,113,1,0,1,0,0,0,0
658148,27.999163,34.43317,1,4485,5246,2,0.54,84,0,0,0,1,0,0,0
658938,27.916426,34.36133,1,8433,11565,2,0.13,82,0,0,0,1,0,0,0
660350,41.381237,2.176337,0,1550,418,2,0.34,46,1,1,0,0,0,0,0
662190,28.03999,34.429966,1,8746,9096,2,0.19,82,0,0,0,1,0,0,0
6632622,38.424454,27.149666,0,28,18,1,0.3,46,0,0,0,0,0,1,0
663461,36.071995,28.0524,1,1545,954,1,0.24,53,0,0,0,0,1,0,0
663753,28.027348,34.440174,1,7817,9385,2,0.27,71,0,0,0,1,0,0,0
6663918,27.85367,34.316113,1,3704,4843,2,0.09,124,1,0,0,1,0,0,0
6663992,27.917065,34.328583,1,3452,3308,1,0.13,55,1,0,0,1,0,0,0
6674288,38.28299,26.37663,1,30,21,4,0.07,33,0,0,0,0,0,1,0
6678253,41.38108,2.130244,1,316,66,1,0.04,23,0,1,0,0,0,0,0
668946,27.94101,34.37681,0,2381,2454,3,0.33,106,1,0,0,1,0,0,0
669302,37.03683,27.411964,1,551,635,2,0.04,119,0,0,0,0,0,1,0
6694490,38.43842,27.144894,0,118,112,1,0.01,44,0,0,0,0,0,1,0
6700324,36.443504,28.226507,1,205,155,1,0.25,18,0,0,0,0,1,0,0
670578,36.053825,27.971935,1,4582,4802,3,0.5,72,0,0,0,0,1,0,0
671077,25.074696,55.137108,1,601,368,2,0.03,71,0,0,1,0,0,0,0
671611,38.42476,27.14877,0,26,4,1,0.27,58,0,0,0,0,0,1,0
671613,38.427925,27.135786,1,3407,1547,2,0.03,79,1,0,0,0,0,1,0
671960,27.979462,34.4175,0,1164,1192,1,0.41,50,0,0,0,1,0,0,0
671967,25.260448,55.32352,0,230,167,1,0.71,54,0,0,1,0,0,0,0
672858,28.034891,34.435143,0,3809,3081,1,0.71,173,0,0,0,1,0,0,0
673812,25.2596,55.2897,0,104,56,1,0.53,22,0,0,1,0,0,0,0
673962,25.104216,55.166138,0,1112,286,2,0.16,41,1,0,1,0,0,0,0
674456,25.193491,55.27582,1,7579,5605,4,0.03,90,1,0,1,0,0,0,0
674660,25.230265,55.28713,1,4739,2523,3,0.04,136,0,0,1,0,0,0,0
674662,25.091076,55.149406,0,710,514,3,0.4,39,0,0,1,0,0,0,0
675437,38.423607,27.14134,0,160,60,1,0.21,52,0,0,0,0,0,1,0
676106,25.113739,55.19181,0,469,306,2,0.49,31,1,0,1,0,0,0,0
676864,25.25206,55.29255,1,3830,1292,2,0.1,68,1,0,1,0,0,0,0
678334,38.4247,27.136936,0,69,78,1,0.58,69,0,0,0,0,0,1,0
678445,25.22328,55.349796,1,4748,4893,3,0.04,105,1,0,1,0,0,0,0
6894743,36.432045,28.235926,0,70,63,1,0.55,41,0,0,0,0,1,0,0
6899059,41.38471,2.162783,0,604,325,2,0.05,42,0,1,0,0,0,0,0
6921013,25.079865,55.142883,0,275,313,3,0.06,39,0,0,1,0,0,0,0
6939253,37.13536,27.556112,1,3711,4303,4,0.31,138,0,0,0,0,0,1,0
6946259,25.202366,55.23979,1,1604,1786,4,0.29,94,1,0,1,0,0,0,0
6969652,25.074692,55.131897,1,2554,1408,3,0.01,49,0,0,1,0,0,0,0
6973853,41.387657,2.167501,1,1382,1031,3,0.07,59,1,1,0,0,0,0,0
6988965,25.229053,55.28688,1,4594,2731,3,0.04,202,1,0,1,0,0,0,0
7021240,25.26068,55.291153,0,613,356,2,0.42,32,0,0,1,0,0,0,0
7055968,38.437176,27.144802,0,79,103,1,0.03,31,0,0,0,0,0,1,0
7071983,25.074835,55.14543,0,495,534,2,0.52,36,1,0,1,0,0,0,0
7119523,38.425842,27.14016,0,20,3,1,0.35,18,0,0,0,0,0,1,0
7138272,41.388897,2.176158,1,1814,1219,2,0.01,68,0,1,0,0,0,0,0
7142609,41.380188,2.180807,1,2008,1012,4,0.0,111,0,1,0,0,0,0,0
7154009,25.069504,55.133076,1,1105,469,2,0.24,46,0,0,1,0,0,0,0
7175728,25.219637,55.323708,0,256,211,1,0.49,33,0,0,1,0,0,0,0
7176425,25.079166,55.137867,1,1969,2301,4,0.11,4,1,0,1,0,0,0,0
7205038,38.51038,27.32732,1,12,37,4,0.14,36,0,0,0,0,0,1,0
7225136,38.42387,27.14702,0,15,12,1,0.19,32,0,0,0,0,0,1,0
7255283,25.26272,55.322334,0,95,97,1,0.06,17,0,0,1,0,0,0,0
7277657,25.255684,55.301826,0,360,220,2,0.41,41,0,0,1,0,0,0,0
7309237,25.192537,55.26715,1,5264,4237,4,0.11,126,1,0,1,0,0,0,0
7318848,25.033476,55.203262,1,4095,2098,2,0.25,127,0,0,1,0,0,0,0
7348706,41.3718,2.136636,1,515,196,2,0.27,29,0,1,0,0,0,0,0
735681,27.864702,34.30942,0,1402,1116,1,0.01,38,0,0,0,1,0,0,0
736182,28.025888,34.43466,1,6386,4181,1,0.51,87,0,0,0,1,0,0,0
7365961,25.07948,55.14999,1,3882,1927,3,0.07,135,1,0,1,0,0,0,0
736972,28.019667,34.433777,1,2910,1332,1,0.59,99,0,0,0,1,0,0,0
737330,37.03172,27.404049,1,2804,2934,2,0.07,66,0,0,0,0,0,1,0
739159,27.099985,33.827927,1,10905,10709,2,0.08,126,1,0,0,1,0,0,0
7394436,25.117243,55.195034,0,206,214,2,0.52,33,0,0,1,0,0,0,0
754106,25.223816,55.349087,1,3580,2196,3,0.01,108,1,0,1,0,0,0,0
7591518,38.29329,27.15374,0,194,81,1,0.11,44,0,0,0,0,0,1,0
7592707,27.910017,34.320877,1,781,554,1,0.14,96,0,0,0,1,0,0,0
7647454,25.256618,55.298172,0,168,74,1,0.53,42,0,0,1,0,0,0,0
7690477,41.391685,2.171747,1,1795,1866,4,0.15,47,1,1,0,0,0,0,0
7705803,25.211435,55.274124,0,1073,630,2,0.29,41,0,0,1,0,0,0,0
7760386,25.2342,55.3239,1,8901,3209,3,0.27,188,1,0,1,0,0,0,0
7768334,25.2271,55.3426,1,3139,3593,4,0.22,107,1,0,1,0,0,0,0
777118,25.113737,55.19089,0,516,262,2,0.04,28,0,0,1,0,0,0,0
7792609,26.998833,33.908077,1,8636,8611,2,0.16,95,1,0,0,1,0,0,0
7806223,41.37915,2.156033,1,1403,787,2,0.23,64,1,1,0,0,0,0,0
781483,27.86441,34.31835,1,2380,5176,2,0.08,135,1,0,0,1,0,0,0
7891379,25.117111,55.195942,0,163,117,2,0.48,45,0,0,1,0,0,0,0
793508,27.887135,34.324196,1,2463,4041,2,0.05,64,0,0,0,1,0,0,0
797858,36.442116,28.219927,0,315,429,1,0.37,36,0,0,0,0,1,0,0
8005376,38.4374,27.1457,0,37,71,1,0.21,18,0,0,0,0,0,1,0
8055869,25.2686,55.3055,1,1774,413,3,0.16,78,1,0,1,0,0,0,0
8075193,25.247795,55.27828,0,1004,588,2,0.39,42,1,0,1,0,0,0,0
8096092,38.42786,27.133255,0,103,103,1,0.42,39,0,0,0,0,0,1,0
8147320,25.116623,55.194065,0,59,137,2,0.08,102,0,0,1,0,0,0,0
8154156,25.22878,55.327343,0,71,189,4,0.08,105,1,0,1,0,0,0,0
8294502,41.39073,2.171427,1,675,255,2,0.14,37,0,1,0,0,0,0,0
8323078,38.40991,27.1206,0,11,11,1,0.22,21,0,0,0,0,0,1,0
8358001,25.117785,55.19609,1,1616,594,3,0.15,55,0,0,1,0,0,0,0
8390748,37.02234,27.38999,1,341,756,4,0.13,82,1,0,0,0,0,1,0
8409952,38.420467,27.143438,0,34,42,1,0.05,32,0,0,0,0,0,1,0
8417468,25.265448,55.330006,1,1446,707,2,0.36,50,1,0,1,0,0,0,0
8433328,36.24145,28.15436,1,1378,3082,3,0.03,120,1,0,0,0,1,0,0
8447673,27.857944,34.282932,1,5485,9326,4,0.12,124,1,0,0,1,0,0,0
8457125,38.450466,27.171537,1,776,366,2,0.04,60,1,0,0,0,0,1,0
8544475,27.31825,33.71003,1,1557,2067,1,0.33,47,0,0,0,1,0,0,0
8544529,25.240326,55.273216,1,2989,1524,2,0.05,79,1,0,1,0,0,0,0
858495,25.073702,55.130455,1,6938,3004,4,0.25,86,1,0,1,0,0,0,0
8631865,25.129124,55.222607,1,2222,2118,4,0.0,94,1,0,1,0,0,0,0
8631925,25.069002,55.130325,1,1250,886,2,0.3,46,0,0,1,0,0,0,0
8642846,38.30963,26.38173,0,12,0,2,0.11,11,0,0,0,0,0,1,0
8660089,38.331665,27.134903,1,153,105,2,0.12,119,0,0,0,0,0,1,0
8665944,25.2341,55.324257,1,1237,567,3,0.01,156,1,0,1,0,0,0,0
8698388,25.245888,55.25615,1,3376,3012,4,0.0,87,0,0,1,0,0,0,0
8699072,36.33104,28.207443,1,348,621,3,0.01,97,0,0,0,0,1,0,0
8776975,25.102152,55.1784,0,2713,3031,2,0.05,94,0,0,1,0,0,0,0
8778628,41.388023,2.173152,1,1598,1519,2,0.03,65,1,1,0,0,0,0,0
877876,27.87414,34.3065,0,200,172,1,0.89,47,0,0,0,1,0,0,0
8800760,41.39046,2.172653,1,1365,1027,2,0.39,42,0,1,0,0,0,0,0
8829667,38.42261,27.142145,0,272,264,1,0.09,41,0,0,0,0,0,1,0
8846187,41.381184,2.181531,1,999,480,3,0.06,45,0,1,0,0,0,0,0
8854965,28.061195,34.43387,1,2873,5859,3,0.02,89,1,0,0,1,0,0,0
8871800,25.09448,55.176964,1,669,456,2,0.23,38,1,0,1,0,0,0,0
889766,27.918318,34.335163,0,2006,2531,1,0.38,79,0,0,0,1,0,0,0
8956703,41.39917,2.165565,1,1607,714,2,0.09,54,0,1,0,0,0,0,0
9018401,25.1745,55.419865,1,905,385,1,0.16,100,1,0,1,0,0,0,0
939897,25.288824,55.368935,0,202,187,2,0.46,36,0,0,1,0,0,0,0
9453713,25.116009,55.196495,1,1919,1033,2,0.33,70,1,0,1,0,0,0,0
9463252,25.221369,55.286186,1,1864,890,2,0.19,48,1,0,1,0,0,0,0
9467234,36.883656,30.708267,1,141,226,1,0.14,35,0,0,0,0,0,0,1
9568154,38.483536,27.084978,0,143,133,2,0.24,68,1,0,0,0,0,1,0
9587943,41.393772,2.162411,1,754,850,4,0.04,49,1,1,0,0,0,0,0
9704275,25.069445,55.128056,1,6506,3225,3,0.09,103,1,0,1,0,0,0,0
9744051,38.47664,27.087631,0,106,89,1,0.35,54,0,0,0,0,0,1,0
9762100,25.18446,55.25437,1,3910,2275,3,0.06,119,1,0,1,0,0,0,0
9762610,25.18338,55.255714,1,6213,3822,3,0.12,76,1,0,1,0,0,0,0
9776677,25.276356,55.310326,0,68,77,1,0.63,26,0,0,1,0,0,0,0
9783346,25.248604,55.2969,1,861,258,2,0.03,51,0,0,1,0,0,0,0
9805253,27.21749,33.838394,1,2555,4558,2,0.07,109,0,0,0,1,0,0,0
9852496,41.39139,2.173034,1,563,389,4,0.0,53,0,1,0,0,0,0,0
9853524,25.202272,55.279064,1,5341,3615,2,0.04,59,1,0,1,0,0,0,0
9865057,37.13832,27.563122,1,5669,6319,4,0.08,158,1,0,0,0,0,1,0
